relation,0,1,2,3,4,5,6,7,8,9,10,11,12,13,14,15,16,17,18,19,20,21,22,23,24,25,26,27,28,29,30,31,32,33,34,35,36,37,38,39,40,41,42,43,44,45,46,47,48,49,50,51,52,53,54,55,56,57,58,59,60,61,62,63
location_of,0.1771211475133896,-0.1792721599340439,-0.7365271449089050,1.0538144111633301,1.3139270544052124,-0.0375486835837364,-0.1367100626230240,2.1271996498107910,0.4364050626754761,-1.6714400053024292,0.8099039793014526,0.0368336550891399,0.3679199516773224,-0.1873114556074142,-0.5657624602317810,1.3187638521194458,0.2115578800439835,-1.4125576019287109,-0.8888760805130005,-0.9541561603546143,0.0785174742341042,-0.2526525557041168,-1.6036088466644287,-0.3627190291881561,-0.7348337769508362,-0.2240229994058609,-0.6004022359848022,0.5978436470031738,-0.9160727262496948,0.3366506099700928,0.8456005454063416,-0.5641462802886963,0.3100635409355164,0.2814383804798126,0.3130998313426971,-0.9423605203628540,-0.3285315930843353,-0.3919651508331299,-0.4531928002834320,0.6847455501556396,-1.3732146024703979,0.2322933375835419,-1.4249978065490723,-1.6759989261627197,-0.0956401005387306,-0.8307531476020813,-0.2602949440479279,-0.1240757480263710,-0.5418297052383423,0.7206377387046814,0.2510387003421783,0.4267848432064056,0.4385893642902374,0.2823315262794495,-0.8546838164329529,-0.2463409453630447,-0.4742426872253418,-0.6549156308174133,-0.7273258566856384,-0.6303859353065491,-0.1308158040046692,0.6509627103805542,0.9974023103713989,0.4706608057022095
manifestation_of,0.1169060468673706,0.7031845450401306,0.0714306384325027,-0.2424324750900269,0.1336327046155930,1.2065856456756592,0.3929076194763184,0.3020635247230530,0.2655708193778992,2.1168580055236816,-0.0789166316390038,-0.0828176960349083,-0.2723572254180908,-1.0218825340270996,-0.5201593637466431,-0.9657531380653381,0.1675369292497635,0.1898027509450912,-0.9584904313087463,-1.7882862091064453,0.8638634085655212,-0.0870971456170082,-1.7842592000961304,1.4621356725692749,0.9789448976516724,-0.6192283630371094,-0.5656377077102661,0.4201208353042603,0.1242126077413559,-0.3062744438648224,-0.1399656683206558,0.4173317551612854,-0.4818776249885559,-0.9314336180686951,-0.6982356309890747,0.1414564996957779,-0.9961841702461243,-1.0166186094284058,-0.6609166860580444,0.1361684650182724,-1.3149287700653076,0.3288055956363678,1.5640357732772827,-0.2830229997634888,0.1057608425617218,0.9049410820007324,-1.0706872940063477,-0.1494402289390564,-0.8009207248687744,1.2896991968154907,1.0826764106750488,0.5876344442367554,-0.4900177419185638,0.1938619464635849,-0.9570906758308411,-1.0597089529037476,-0.6037014722824097,0.8987017869949341,-0.6621326804161072,0.1007045954465866,-0.1997860074043274,0.3324470520019531,-0.6289424896240234,0.8848679065704346
isa,-0.2132823914289474,-0.0629869550466537,0.7837153077125549,-0.0457505136728287,1.3242694139480591,0.2045671790838242,-0.6698209047317505,-0.7918263077735901,-0.0678369998931885,-0.5057337880134583,-0.1506900936365128,-0.1310500949621201,-1.0512527227401733,0.7062296867370605,-0.0965305417776108,-0.9629568457603455,-0.2073984146118164,0.5353238582611084,-0.5429760813713074,0.5879355669021606,-0.3300244808197021,0.9547049999237061,-0.9724687933921814,0.1707848310470581,0.1850337088108063,0.3645662665367126,-0.5191935300827026,0.2811800241470337,-0.1215762719511986,-0.0658636242151260,0.0010312658268958,0.7314243912696838,0.2602299153804779,0.4782247543334961,-0.6276748776435852,0.5790453553199768,-1.4151012897491455,0.4586513340473175,-0.0861506611108780,-0.3584868609905243,-0.1623239070177078,0.4288309216499329,0.9363042712211609,-0.4302875399589539,0.5973706841468811,0.5980437994003296,0.5814053416252136,0.6678106188774109,-0.4047939777374268,0.2758347392082214,-0.9324130415916443,-0.1412003934383392,-0.3071753382682800,-0.6342920064926147,-0.9490579962730408,-0.5211805105209351,-1.4011387825012207,-1.0820912122726440,0.9467843174934387,0.6549448966979980,0.1815828830003738,0.5843016505241394,0.3327051401138306,0.6149169802665710
affects,0.5016768574714661,-0.2856505811214447,0.5358646512031555,-0.1735541224479675,-0.6413295269012451,1.2386175394058228,0.3171152472496033,0.8638253211975098,1.5140372514724731,0.1458719670772552,-0.6828023791313171,0.3049066662788391,-0.3949364125728607,0.3880046606063843,-0.6388976573944092,0.2943578362464905,-1.3573312759399414,-0.6332281231880188,-0.6125774383544922,-1.0974239110946655,-0.3741681575775146,-1.0462409257888794,-0.5725774765014648,0.3369009494781494,-0.0202154554426670,0.4089023172855377,-0.8376832604408264,0.4576895236968994,-0.0605263039469719,0.3674730658531189,-0.2066119760274887,-0.9686347246170044,-0.9589847326278687,-0.4766169190406799,-0.2929814457893372,-0.1295723170042038,-1.1837875843048096,-0.9464013576507568,-1.1406064033508301,0.8004521727561951,-0.9399936795234680,0.6557565927505493,1.3491320610046387,0.0515464879572392,-0.2961741089820862,-0.2307445853948593,0.2019085139036179,-0.6489822268486023,-1.1581001281738281,-0.2461150586605072,0.2098513990640640,0.0505157783627510,-0.4000631868839264,0.3228898942470551,-0.9979918599128723,-0.3425428271293640,-0.6867862939834595,-0.6227610111236572,-0.0891727730631828,0.8621884584426880,0.1982178688049316,0.8816320896148682,0.4642191827297211,-0.0314183942973614
associated_with,0.6348053812980652,1.3812783956527710,0.2769850790500641,0.4439837634563446,0.8918443918228149,0.3707405030727386,-0.3810183405876160,0.9542158246040344,-0.5698201060295105,0.0451398715376854,-0.1180908232927322,0.7281578183174133,-2.1120774745941162,-1.8296549320220947,-0.0154946241527796,-0.0375340059399605,0.2957302927970886,0.4374885857105255,-0.2432924509048462,0.3351924419403076,-1.0432549715042114,1.7599159479141235,0.2793403863906860,0.1959540545940399,0.1157783418893814,1.0364009141921997,-0.6668413281440735,0.1634071320295334,0.0256681293249130,0.6441638469696045,-0.7780284881591797,0.4248901605606079,-0.2605295777320862,-0.5983102321624756,-0.3361445665359497,-0.6300870776176453,-1.1208343505859375,0.4744772613048553,0.1961557865142822,0.4614585340023041,-0.8409643173217773,1.2152658700942993,-0.0224015712738037,-0.4138767719268799,0.5887992978096008,-0.5017123222351074,-0.8250772953033447,0.4877841174602509,-1.2038465738296509,0.7194002866744995,0.7647944092750549,2.3623435497283936,-0.3397394418716431,-0.4633945226669312,-1.7254952192306519,-0.6730249524116516,-0.6155430674552917,-0.2629977762699127,0.7556125521659851,-0.0580758973956108,-0.9226980805397034,-0.1839506328105927,-0.5799751281738281,0.0645678490400314
interacts_with,-0.2222080826759338,-0.0868526846170425,1.7030185461044312,-0.2222721725702286,0.6454800963401794,-0.9187356233596802,-0.8720914721488953,-0.2549149692058563,0.1967212855815887,0.0701673552393913,-0.8644906878471375,-0.5328189730644226,-0.7333447933197021,0.9267639517784119,0.0970730930566788,2.0745887756347656,0.3432898223400116,-0.4568424522876740,-0.2784845232963562,0.0986284241080284,0.6558834314346313,1.0194160938262939,-0.8182024955749512,-1.3106409311294556,-0.0730990245938301,0.1561769992113113,-0.5431730747222900,0.6061648130416870,0.2010857313871384,0.1971420645713806,0.1009683758020401,-2.5582759380340576,0.9233784079551697,0.9809280633926392,-0.6306409835815430,-0.1067457869648933,-1.0451229810714722,-1.5415674448013306,0.4632068574428558,-1.1651386022567749,-0.5972982645034790,0.8347852230072021,0.1951986849308014,0.4622084498405457,-0.5570147633552551,-0.5729911327362061,0.2922271788120270,0.9448319077491760,-0.6912031173706055,0.7747676968574524,-0.7808973193168640,-1.1580562591552734,-0.6791802644729614,0.4370994865894318,-0.4762886166572571,1.5314412117004395,-0.4203092455863953,0.0425562374293804,0.9396309852600098,-0.0539383031427860,0.0796908959746361,-1.2863397598266602,0.8984940648078918,-0.1325168609619141
result_of,-0.0285993348807096,0.3136689960956573,-0.1032957136631012,-1.0050103664398193,1.4283087253570557,0.6356953382492065,-0.4527663588523865,0.5674716234207153,0.4164678752422333,0.0640933588147163,0.4202194809913635,0.2167510241270065,-0.4939285218715668,-1.0426752567291260,-0.0530006401240826,-0.8455026149749756,-0.6027249693870544,-0.3909038007259369,-0.4375545978546143,-0.8423960804939270,0.0834533199667931,0.1529740393161774,-1.6079189777374268,-0.0007438072934747,-0.6673305630683899,0.8879504203796387,-0.6740878224372864,0.1749456226825714,0.2428926080465317,0.2230634093284607,-0.4567070603370667,0.5661923289299011,0.4490920007228851,0.1603263020515442,0.5002365112304688,1.6964406967163086,-0.5911203026771545,-0.4324291050434113,-0.1378750950098038,-0.0995015278458595,-1.2261872291564941,-0.4992038607597351,1.4875072240829468,-1.0515788793563843,0.4520423412322998,-0.0449910275638103,-1.9235905408859253,-0.4287775754928589,-1.4353531599044800,-0.3592218756675720,0.8589417338371277,0.0412214025855064,-1.1647375822067261,-0.0139455599710345,-0.6917747855186462,-0.4343856275081635,-0.4789202809333801,0.1705176830291748,-0.2093965411186218,-0.7052686214447021,0.8748009800910950,0.0552719272673130,0.5050770044326782,0.2957917451858521
complicates,-0.4023965895175934,-0.4320752620697021,0.5759102106094360,-0.3053850233554840,-0.3207416236400604,1.3775837421417236,-0.0230842940509319,0.7979946732521057,-0.1252476871013641,-0.3389380872249603,0.4092606604099274,-0.4343378245830536,-0.7079659700393677,-2.6504948139190674,-2.0887076854705811,-0.5278152227401733,-1.8850877285003662,0.8254778385162354,-0.8699597120285034,-0.5072543025016785,-0.4245154261589050,0.3902217149734497,-1.1198425292968750,0.8196920156478882,0.9554212689399719,1.0429109334945679,-0.0076882550492883,-0.9250367879867554,-1.3256719112396240,1.2076059579849243,0.9334876537322998,-0.4574879705905914,-2.7254726886749268,0.4075952768325806,-0.4395695626735687,0.2690011560916901,0.3431675434112549,0.7054951786994934,-0.0629104301333427,0.0623912625014782,-1.0991698503494263,0.7504876852035522,0.6195741891860962,-0.1485956907272339,0.3381467163562775,0.2237145304679871,0.7089482545852661,-0.3652185201644897,-1.0631598234176636,1.9205639362335205,1.0456129312515259,0.5882530212402344,-0.3465692400932312,-0.3689696192741394,-1.4452908039093018,-1.0889105796813965,-1.6157507896423340,0.1133375763893127,1.1990739107131958,-0.8737995028495789,0.0010394374839962,0.6635680198669434,1.9166727066040039,0.7384068965911865
occurs_in,-0.1674724221229553,0.5417156219482422,2.1355667114257812,-0.2274475693702698,0.7741991281509399,0.8684316277503967,0.2549334764480591,-0.0722411572933197,0.6635592579841614,0.4690352678298950,-0.2350784689188004,-1.5423822402954102,-0.6043416261672974,1.4386190176010132,-0.1513468325138092,-0.9563238024711609,0.1476021558046341,0.1584672182798386,0.4077282547950745,1.1230587959289551,0.2784583568572998,0.3796843588352203,-0.6425957679748535,1.4325067996978760,0.4931448101997375,-0.0044179223477840,-0.5131955146789551,-0.2279838025569916,-0.0752931907773018,0.0328593701124191,0.4213319420814514,-0.1649221926927567,-0.1510504186153412,-0.3710517883300781,-0.8556805849075317,0.0270143803209066,-1.8663285970687866,0.8048473596572876,0.7507103681564331,-0.2319466024637222,-0.0927745401859283,0.7968022227287292,-1.5689268112182617,-1.6741095781326294,0.2411008924245834,1.2740949392318726,-0.8618143200874329,-0.0545851811766624,-1.7171435356140137,1.9043190479278564,0.7628242373466492,-0.8018260598182678,-0.0469037517905235,-0.4920054972171783,-2.9026844501495361,-1.2259019613265991,-0.7664024233818054,0.9120628237724304,0.3130118548870087,-0.3984861373901367,-0.4150086343288422,-0.4578725099563599,-0.1792595088481903,1.2051441669464111
uses,-1.2415381669998169,0.0967789962887764,0.3550140559673309,-0.1439105421304703,0.2032912373542786,-2.1098639965057373,-0.8037347197532654,0.8169664740562439,0.0752517729997635,-0.2592591941356659,-1.0809702873229980,-0.1457978636026382,-1.7857929468154907,0.3310979306697845,0.1950551718473434,-1.3201943635940552,-0.3069970607757568,0.6642566919326782,0.3112470805644989,0.1036057621240616,-0.1743020862340927,-0.4549282491207123,-0.1742035746574402,0.3609757423400879,0.0542497411370277,-0.3459636569023132,-0.5099928975105286,-0.0562721714377403,-0.3137860000133514,-0.1805290877819061,1.6480425596237183,0.6122334599494934,0.1992804706096649,0.0750287398695946,0.0474727600812912,-0.7058112621307373,-0.4253433942794800,0.2952312827110291,0.1553449928760529,-0.7146905064582825,-3.1365139484405518,-0.8241710662841797,-0.1997156143188477,0.2582398951053619,0.5962657332420349,-0.0104549396783113,-0.2394836097955704,-0.0372195951640606,0.5646069049835205,0.0935248434543610,-0.5796137452125549,-1.7094664573669434,0.0439296811819077,1.0731284618377686,-1.5648661851882935,1.0947337150573730,0.2775625288486481,-1.3389149904251099,0.7689063549041748,0.0536691918969154,-0.5382629632949829,-0.5872307419776917,0.4158473312854767,0.5087277293205261
produces,-3.5540008544921875,1.0730762481689453,-0.2099933773279190,-1.1087598800659180,-0.7852267026901245,0.5251579284667969,0.2318705171346664,-0.0931359082460403,-0.1264229267835617,-0.6180814504623413,1.4035344123840332,-0.3905765414237976,-0.6661576032638550,0.1205294728279114,0.1225543618202209,0.4850913286209106,0.6931765675544739,-0.8692517280578613,0.7671521902084351,0.7057018876075745,-0.1278938800096512,-0.3220390379428864,-0.9608013033866882,0.8816611766815186,1.1346126794815063,0.3878308236598969,0.3274289667606354,-0.6310322284698486,0.2002811282873154,-0.1306511610746384,-1.0816233158111572,-0.8369256258010864,-0.2716853022575378,0.3409692049026489,-0.4037262499332428,-0.5226742625236511,-0.9556531310081482,-1.2889097929000854,0.8362547159194946,0.2114315778017044,-2.0813324451446533,-0.2423161864280701,-0.8152077794075012,0.5211496949195862,-1.1524095535278320,0.3822399377822876,-0.5630531907081604,1.2878184318542480,0.0823541879653931,-0.1070429459214211,-0.8042317032814026,-0.8345324993133545,-0.2122375369071960,-0.2484919130802155,-1.2467113733291626,-0.1096729561686516,-0.7839139103889465,-0.0259429644793272,0.5754406452178955,0.1657892763614655,-0.3970991373062134,-0.6936528682708740,0.4275482296943665,0.4823336303234100
degree_of,-0.4906372725963593,-0.3626440465450287,0.8439180850982666,-0.2416194975376129,0.7534183263778687,1.2719668149948120,0.0309824235737324,0.6375159025192261,0.5134815573692322,1.4432885646820068,0.6700081825256348,0.1422463953495026,-1.3669791221618652,-0.6034830212593079,-0.2440511435270309,0.2082573622465134,-0.5591196417808533,0.2669706046581268,-0.9248511791229248,-0.4638076424598694,-0.0145840551704168,-1.1012300252914429,-1.0252811908721924,1.6572892665863037,0.7476009130477905,-0.1575732827186584,-0.4317790865898132,0.7009381651878357,-0.2044261544942856,-0.0917197167873383,0.0663646161556244,0.9372562766075134,-0.1073408499360085,-0.4632790088653564,-0.7433544993400574,-1.2028026580810547,-1.7248253822326660,-0.4096419215202332,-0.4936240017414093,0.8331449031829834,-1.5295969247817993,0.3147355914115906,0.0108241587877274,-0.8898073434829712,1.4223569631576538,-0.3423836827278137,-1.6980152130126953,0.6316244602203369,-0.1655496209859848,1.2491968870162964,0.7476482987403870,1.5305465459823608,-2.5177788734436035,0.5661302208900452,-1.3039894104003906,-1.2677593231201172,-1.3720442056655884,-0.4319000542163849,1.7516268491744995,0.2430331707000732,-1.7448362112045288,-1.0134871006011963,0.4731106758117676,0.9127855300903320
connected_to,0.4070054590702057,-0.6943612098693848,0.7653188705444336,-0.9317028522491455,0.0785451903939247,-0.0755723491311073,0.9054858684539795,-1.8405432701110840,0.7468844652175903,-0.6530402302742004,-0.7251393198966980,-1.3716109991073608,-2.4316627979278564,-0.3559720516204834,-0.2347683608531952,0.3169747591018677,-0.9446665048599243,-0.1454914510250092,0.0488061942160130,0.2057055532932281,1.6680628061294556,-1.4533574581146240,-0.7004887461662292,-1.6018573045730591,-1.4546672105789185,-0.7686479687690735,-0.8007701635360718,1.2320901155471802,-1.5969856977462769,-0.5764626860618591,0.3442067205905914,-0.5838038325309753,0.1381774395704269,-1.2249745130538940,0.0438487716019154,-1.4607011079788208,-0.5774437785148621,-2.3075921535491943,-0.9930437803268433,-0.1206070557236671,-3.3721506595611572,0.0665746331214905,1.3285399675369263,1.4503040313720703,-0.3236506283283234,-0.5997958779335022,2.6256256103515625,-0.9361948966979980,-1.7857747077941895,-0.4276731610298157,0.7110989689826965,-0.5921018719673157,-0.2054156213998795,0.4604073166847229,0.4326345026493073,1.6697185039520264,0.1960075795650482,1.3303650617599487,0.4463229179382324,-0.0478290282189846,0.6624715924263000,0.3538607060909271,0.3170430064201355,-1.1313737630844116
process_of,-0.2116402685642242,0.5345790982246399,0.4812950491905212,-0.4741502106189728,0.1032108962535858,-0.0415836833417416,-0.0925428569316864,1.3814153671264648,0.7358858585357666,0.6807413101196289,0.0821006298065186,0.2940370738506317,-0.4962153732776642,-0.4938571155071259,-0.7174387574195862,0.3668256103992462,-2.4255950450897217,0.0054606543853879,-0.1298564076423645,-1.1133590936660767,0.1832319796085358,-1.1009305715560913,-0.3259542584419250,0.9525321722030640,0.0268925912678242,0.5428212881088257,-0.5727903246879578,-0.3101523816585541,-0.4176085889339447,0.2888773679733276,0.0398234128952026,-0.8192359209060669,1.2333748340606689,-2.7622544765472412,-0.6998795270919800,0.3759599626064301,-1.1464576721191406,-0.3396746814250946,-1.2975193262100220,-0.3267292380332947,-0.7101685404777527,1.1145644187927246,1.7382414340972900,-0.3518464267253876,-0.8694026470184326,0.5695869326591492,-0.7739081978797913,-0.1616198569536209,-0.5612314939498901,-0.1538657844066620,0.0742883682250977,-0.0750118494033813,0.1407459229230881,-0.5157837867736816,-1.3816349506378174,-0.3075906038284302,-0.4115631580352783,-0.0725053101778030,1.8597996234893799,2.8974351882934570,0.3914486169815063,-0.1656858921051025,-1.5423942804336548,-0.2050387710332870
co-occurs_with,0.0090396106243134,1.8887099027633667,1.9948930740356445,1.2325812578201294,1.0869084596633911,0.3118282556533813,-0.0642445534467697,0.2137336283922195,1.3668024539947510,-0.8100637197494507,0.2703868448734283,0.4258720278739929,-1.1524844169616699,-0.4012793004512787,-0.3786621093750000,-2.4918031692504883,0.5201024413108826,-0.2912426292896271,0.2837276160717010,0.2750808298587799,-0.2481814026832581,-0.1427934616804123,-2.2238700389862061,0.4012874364852905,0.1359131336212158,2.3835792541503906,-1.0316853523254395,-0.5893874168395996,-0.9009786248207092,1.7060289382934570,0.6751039028167725,-0.8378113508224487,0.0573475621640682,0.8695701360702515,-0.8200529217720032,0.0235866457223892,-1.7022323608398438,-0.3884151577949524,0.0156857185065746,-0.3025084733963013,-1.5056331157684326,1.4365104436874390,0.0689044073224068,-0.3287513256072998,0.4709910452365875,0.9772279262542725,0.7216188907623291,-0.8584439158439636,-0.3468928337097168,0.5596798658370972,-0.3122210502624512,0.7572708129882812,-0.4535734057426453,0.1408530473709106,-2.1262161731719971,-2.1937873363494873,-0.1650287210941315,0.8205171227455139,0.0178166292607784,0.0329873487353325,0.2030170708894730,0.6322110891342163,1.2440217733383179,-0.5414294004440308
disrupts,0.1216710284352303,-1.4168217182159424,0.9204679727554321,1.2615716457366943,-2.0073702335357666,-1.4075784683227539,-0.2880718708038330,-0.4953263998031616,-1.4918383359909058,0.5498962402343750,-1.5188707113265991,-1.5724953413009644,-0.2551526129245758,1.0265902280807495,0.4106095135211945,0.7058901786804199,-2.5207064151763916,-0.0367172136902809,0.3465869724750519,0.0176101811230183,-0.8661121129989624,-0.5206259489059448,-1.0083518028259277,-0.0444320365786552,0.2750087678432465,0.6511787772178650,0.3902049064636230,0.3453079760074615,-0.2388347089290619,-0.1341866701841354,0.9069562554359436,0.7307059168815613,-0.6021499633789062,0.5470863580703735,-0.6453899741172791,1.2521181106567383,-0.0066869934089482,-0.8195977807044983,0.7874532341957092,0.2182131111621857,-1.7294483184814453,-0.8993955254554749,-0.0223450046032667,0.1385289281606674,-0.9838520884513855,0.1132725924253464,0.5251132845878601,-0.0044610621407628,-1.8240883350372314,1.2976688146591187,-1.4366625547409058,-1.6104525327682495,-1.9351363182067871,0.6524894833564758,0.4119161367416382,-0.4692818820476532,0.8584185242652893,0.0071879047900438,0.4505977928638458,0.1295768618583679,0.2396258115768433,-0.6016937494277954,0.5933110713958740,0.0298530403524637
issue_in,-0.3235595226287842,-0.6003776788711548,-0.6093041896820068,0.0989814400672913,-1.1934684514999390,-0.3010387420654297,-1.5362429618835449,-0.5208286046981812,0.1143768951296806,0.5204809308052063,0.3658720254898071,-0.2740059792995453,-0.7979661822319031,0.2168055921792984,0.1264035850763321,-0.6600044965744019,-0.3166132867336273,0.2996524572372437,-1.5393540859222412,0.9825295805931091,-0.6189528107643127,0.6337319016456604,-1.0451146364212036,0.1973971724510193,0.8614630699157715,-0.6037787199020386,-0.3944425880908966,-0.6331651806831360,0.5636927485466003,-0.6290014982223511,-0.6664596796035767,0.1535277664661407,-0.3705482482910156,-0.2384376376867294,-0.9216129779815674,0.3905680477619171,-1.0897842645645142,1.0915224552154541,0.9169183969497681,-0.4581119418144226,-1.8587650060653687,0.6392983198165894,-0.1167365461587906,0.4243973493576050,0.3424338996410370,-0.5241159200668335,0.1527549475431442,-0.1050360798835754,-1.3552874326705933,-0.6753978133201599,-1.1090563535690308,0.6488929390907288,0.7613585591316223,0.4592643678188324,-2.6041903495788574,0.4303742647171021,-0.0989264249801636,0.5583249926567078,0.5429348945617676,0.0260238517075777,-0.5565949678421021,0.3860883712768555,0.2151893675327301,0.4088502228260040
part_of,0.3699347078800201,-0.5746225714683533,0.2136361002922058,0.7240998744964600,-0.5278964638710022,1.0780743360519409,-0.9754527807235718,-1.5404336452484131,-0.1280307471752167,2.2674221992492676,0.3203476369380951,0.4792987108230591,-0.0197536144405603,0.7964282631874084,0.5111453533172607,0.2614611685276031,0.5830752849578857,0.5273457169532776,-0.5344151854515076,-0.3933777511119843,-0.8356052637100220,0.9886519908905029,-0.1319124847650528,-2.4523282051086426,0.2468149214982986,-0.8174789547920227,-0.6882295012474060,-0.1117549315094948,0.1687973886728287,0.3581452071666718,0.8649697899818420,-0.4891473054885864,-1.3936424255371094,-1.1836397647857666,-0.4695686697959900,-0.1854287385940552,-0.8304216861724854,-0.6697146296501160,-1.0742440223693848,0.8155640959739685,-1.1777442693710327,1.0719897747039795,0.7319443225860596,-1.0635966062545776,-1.1077014207839966,-0.4961915314197540,0.2517825365066528,-0.2358674854040146,-1.6998534202575684,1.3360761404037476,-0.7290562391281128,-0.9720166921615601,0.2956476211547852,0.6560522317886353,-1.2039011716842651,1.1767216920852661,-0.0505213215947151,0.0964647158980370,-1.9693850278854370,-1.4995473623275757,0.0945174396038055,-1.0152299404144287,0.0127561306580901,0.7423968911170959
measures,-0.7422811388969421,1.1556313037872314,-0.9892947673797607,-2.9219093322753906,1.3546411991119385,1.3102989196777344,0.3481935858726501,1.4955987930297852,-1.5287665128707886,0.1637324243783951,-1.1902997493743896,1.3899044990539551,-0.4905627965927124,0.1789638996124268,-0.7622393369674683,3.5842034816741943,2.9490199089050293,-0.4414194524288177,1.5891962051391602,0.0064635761082172,-0.8664966225624084,-0.5303264260292053,-0.9885510802268982,2.3990237712860107,-0.8315243721008301,-0.2238157838582993,0.1923698782920837,0.3206519782543182,-2.7463045120239258,-1.5666151046752930,-1.9659935235977173,-0.5336941480636597,-0.5067251324653625,-0.2321524471044540,-0.6408843994140625,0.3677245974540710,-0.1611105501651764,-0.0521534010767937,-0.0367440357804298,0.5997635126113892,0.5769809484481812,0.2935549914836884,-0.6930627226829529,0.9384296536445618,0.4032152593135834,0.4094992578029633,-1.6546597480773926,-0.9806056618690491,-0.5255544781684875,-0.1661728322505951,-0.7563419938087463,-0.5000442862510681,-2.0066046714782715,-1.8326125144958496,-1.1123108863830566,-0.7172598242759705,0.5587002635002136,-0.0722155570983887,-0.7723460793495178,0.0674763619899750,-0.8804387450218201,1.1784870624542236,-2.3118259906768799,-0.4993738830089569
prevents,-0.5043843388557434,-0.2194941043853760,-0.7718774676322937,-0.4246233403682709,-0.7210023999214172,2.0157697200775146,-0.7003087401390076,0.8456462621688843,0.0418056324124336,0.6063477396965027,-1.6703028678894043,-0.7366575002670288,-0.7117258906364441,-0.0152780395001173,-0.6816892623901367,0.0027006824966520,0.5575066208839417,0.1442785114049911,-0.7776199579238892,-1.9824706315994263,-1.0884015560150146,-0.8419718146324158,-1.3998324871063232,-0.2316597849130630,-1.2747440338134766,-0.8807878494262695,1.0964267253875732,-0.4103841781616211,1.0350037813186646,0.9400919079780579,-1.0426576137542725,0.2950557470321655,-0.7416664361953735,-0.5815355777740479,0.8450122475624084,-0.7453090548515320,-1.1217105388641357,1.4070153236389160,0.2795965373516083,-0.5866805911064148,-1.2611289024353027,0.3173237740993500,-0.9783752560615540,0.8555940985679626,2.8732547760009766,3.0949270725250244,-0.5732949376106262,0.4432370364665985,-1.8423020839691162,1.9788496494293213,-0.9982098937034607,0.5889725685119629,-1.9525427818298340,0.2156763523817062,-0.6140385866165161,-0.2580883502960205,-0.3618822395801544,-0.7915244698524475,-0.2545551359653473,-0.0888681784272194,-0.8407996296882629,0.0264980066567659,0.6274370551109314,0.0306527297943830
causes,-0.3524428308010101,-0.1346329748630524,-0.4208292067050934,-0.1932980567216873,-1.5905034542083740,1.1090010404586792,-1.0688142776489258,1.7387050390243530,1.2233026027679443,-0.4134732484817505,0.3520879149436951,0.1594875305891037,-1.5489255189895630,-0.4872189462184906,-0.3519380688667297,0.5347996950149536,0.2914712429046631,0.6906983852386475,-0.3950888812541962,-0.7943438887596130,0.3205293715000153,0.5732851028442383,-0.7389168143272400,-0.4798183143138885,-1.2913194894790649,0.9422619342803955,0.4614017903804779,-0.8236960768699646,-1.1168367862701416,0.6584827303886414,0.2548533678054810,-0.0256280321627855,-1.0659599304199219,-0.6670261621475220,-0.3283021748065948,-0.2967051863670349,-0.8390235900878906,-0.0252731908112764,-1.1306432485580444,-0.0857469961047173,-0.2400492280721664,0.2058308422565460,-0.2725594639778137,0.2316570729017258,0.0516780391335487,-0.5861632227897644,-0.2595615983009338,0.3680157661437988,-0.4536939263343811,1.4284505844116211,0.0971270650625229,0.4857003092765808,-0.2107722759246826,-0.2346055358648300,-2.3996298313140869,0.0811833292245865,-0.3389908969402313,-0.1586306393146515,0.4090239703655243,-0.0759777873754501,0.0214554499834776,1.0210950374603271,0.6550992131233215,0.2773175835609436
indicates,0.8511180281639099,1.2941989898681641,-1.0462548732757568,-0.9828582406044006,-1.8073745965957642,0.7861043214797974,-0.0955279394984245,0.3876455426216125,0.6803233027458191,1.1604021787643433,-1.1980013847351074,-0.1898006647825241,-0.6063066124916077,-0.6874967217445374,0.3013648092746735,-0.7453221678733826,-1.0781782865524292,-0.5120563507080078,-1.2240577936172485,-1.5215431451797485,0.1693165898323059,2.5639872550964355,-1.7795337438583374,1.6039258241653442,0.2022315412759781,1.1263177394866943,0.4169523715972900,-0.2831971049308777,1.1978881359100342,0.3144223988056183,-0.4388243257999420,0.9102498888969421,0.7931869029998779,2.2170009613037109,-1.9706926345825195,0.0838141143321991,-0.5667601227760315,-1.0618059635162354,-0.7565340995788574,-0.0720652788877487,-0.8980471491813660,0.8220168352127075,-0.0345689952373505,1.1929985284805298,1.3119443655014038,-2.9897890090942383,-0.5819212794303894,-1.1567277908325195,-1.2180367708206177,0.6071894168853760,-0.9625941514968872,-0.3121070563793182,1.3100068569183350,0.0874023661017418,-0.4753784239292145,1.0777664184570312,-0.0731117799878120,1.3754960298538208,-0.1233835890889168,-1.2660543918609619,0.7359497547149658,-2.4697997570037842,-3.5690143108367920,1.2984223365783691
treats,0.7650304436683655,-0.0738082602620125,-1.9300050735473633,0.9821405410766602,-1.0470521450042725,2.1184511184692383,-0.4150589108467102,0.1814639121294022,-0.8878774642944336,-1.5382467508316040,-1.9771395921707153,0.9582325816154480,-0.6878462433815002,0.6353513002395630,-0.4012837409973145,-0.0582518056035042,-0.8145095705986023,0.5301541090011597,0.0093831531703472,-0.1367216408252716,-0.1462032645940781,1.5377041101455688,-0.7550379633903503,-0.1698320508003235,0.8391047716140747,0.0562672056257725,-0.3562398552894592,0.3135226964950562,1.7376477718353271,0.2756922841072083,-0.2879583239555359,0.1943310499191284,0.3111076354980469,-0.9469164013862610,0.5099165439605713,-1.9651826620101929,-2.0851016044616699,1.2671591043472290,-0.2519094645977020,-0.1233009472489357,-0.6647312641143799,-0.0018096631392837,-0.2672420740127563,0.1977289617061615,0.9570798277854919,1.7479268312454224,1.5698293447494507,0.2570893466472626,-1.0693910121917725,1.5713223218917847,-0.3907655477523804,0.0273313447833061,-0.7746766209602356,1.5416113138198853,-0.7419252395629883,0.0012753680348396,-0.8484823107719421,-0.1572161763906479,-0.7324463129043579,0.7572073936462402,0.4307242929935455,-0.2851116657257080,-0.1634826511144638,0.9105106592178345
evaluation_of,-0.4897952973842621,1.9081029891967773,-1.2948354482650757,0.2391586601734161,-1.5882816314697266,1.5041582584381104,0.7704398036003113,0.6932005286216736,-1.8416236639022827,-1.5219947099685669,-0.5351659655570984,0.0297722555696964,-0.2671817839145660,-0.8105673193931580,-0.1484523713588715,-0.3696111142635345,-0.6812764406204224,0.3459849059581757,-2.2684726715087891,0.9256619811058044,0.3485701382160187,0.5709522962570190,-0.2901985645294189,1.0674729347229004,-3.2988255023956299,0.7774937152862549,-0.2973781526088715,0.6328954100608826,-2.2469217777252197,1.3156799077987671,0.2799614369869232,-0.2460498511791229,-0.1034199371933937,1.1689084768295288,0.1526754647493362,-0.3671110272407532,-0.9168422222137451,-1.1023714542388916,2.1775069236755371,-1.2747439146041870,-1.7376799583435059,-0.7290838956832886,2.4172763824462891,0.0237952955067158,-0.8946449160575867,0.4490582346916199,-0.4945720136165619,0.2596034407615662,-0.3123160302639008,-0.8533799052238464,-1.9271231889724731,1.7231520414352417,0.4577540159225464,0.1922982633113861,1.3543399572372437,-1.6881812810897827,-0.3366213142871857,-1.5066242218017578,1.0416859388351440,0.1250524222850800,-0.4705082178115845,0.8505024313926697,-0.7749671936035156,0.1657904684543610
diagnoses,-0.9383108615875244,0.9964346289634705,-0.5520244240760803,-0.1584121435880661,-1.2075698375701904,0.0174679383635521,-0.2659414112567902,0.3532719612121582,0.3457016646862030,-0.4158369004726410,0.8465425372123718,-1.7721977233886719,-1.2846671342849731,-3.0923748016357422,0.0517519637942314,1.2666940689086914,-0.3096100091934204,0.1328880637884140,-0.7389258742332458,-2.0621938705444336,-0.3888031840324402,0.1536414325237274,-0.6291346549987793,0.2399592101573944,-3.1331236362457275,-0.9929310679435730,-0.2990541160106659,-0.3942180871963501,-0.1499314606189728,1.0024948120117188,-1.3759446144104004,0.0765325427055359,-0.7563998699188232,0.2260433137416840,-0.6902652382850647,-2.0614635944366455,-1.7718088626861572,2.1134867668151855,0.7928331494331360,0.4856153130531311,-1.5271625518798828,-0.5862526297569275,-1.5021234750747681,0.0086258649826050,-0.1900890469551086,0.0246582310646772,0.2591545283794403,-0.3928495645523071,-1.4717323780059814,-0.2146304845809937,1.4729067087173462,1.8644037246704102,-0.4126511216163635,-0.3422600030899048,-1.1348725557327271,-0.5935055017471313,0.8061512112617493,0.9125936031341553,-1.6893191337585449,-0.8267953991889954,2.3342993259429932,0.2517240643501282,-2.4531676769256592,0.2356749176979065
exhibits,-0.2038916796445847,1.5167220830917358,-0.5412914156913757,1.4961915016174316,-1.7814949750900269,-1.1103330850601196,-0.8359447717666626,-0.1993404477834702,0.0008899678359739,-0.1995812803506851,0.5036060810089111,1.0645483732223511,-2.2023227214813232,-0.1095022410154343,-0.3695246577262878,-0.1181888133287430,-0.2476895302534103,0.7903531193733215,-1.9812730550765991,1.1608728170394897,0.1434473842382431,-0.7110817432403564,-0.2177647203207016,-1.9929950237274170,1.1462109088897705,-1.0776182413101196,-0.8246775865554810,0.8109275698661804,0.0178035385906696,-0.3452675342559814,-0.1032399460673332,-1.1935210227966309,-0.2119351327419281,0.7525101900100708,-0.0105842892080545,1.2224599123001099,-0.6477175354957581,-0.3856973052024841,0.1000109836459160,0.0771241709589958,-0.5448873043060303,0.3185226321220398,-2.0682365894317627,-0.1809618622064590,-0.4978949725627899,-0.0398065298795700,-0.1263552755117416,0.7695096135139465,0.3399979770183563,1.4338299036026001,-0.5099645256996155,0.1368682682514191,-0.0268159005790949,0.9105154275894165,-0.0588297508656979,-0.5364378690719604,-1.1089191436767578,-1.1228120326995850,0.9261746406555176,-0.1461931318044662,-0.8423887491226196,0.3096942603588104,-0.4012764692306519,0.7436390519142151
ingredient_of,0.1246308758854866,-0.0456167161464691,-1.1208608150482178,0.7911501526832581,0.0381293818354607,-1.3275301456451416,0.1948011070489883,-0.0745232030749321,-0.4146148562431335,-0.2075714915990829,-0.4941113293170929,0.3692317605018616,-1.3190548419952393,-0.2992705404758453,-0.1174184456467628,0.5692929029464722,-0.5954116582870483,0.3980105817317963,-0.5238369107246399,-1.1298515796661377,-1.7791292667388916,2.8280982971191406,-0.7940893769264221,0.5133781433105469,0.5393885970115662,1.0947656631469727,-1.0380723476409912,-0.2523015141487122,-0.8814322352409363,-0.8733455538749695,0.6356178522109985,-0.3333364725112915,0.6913535594940186,-1.7898014783859253,-0.0803608372807503,-0.3886797130107880,-1.5596071481704712,0.5001330375671387,-0.1352315098047256,0.0137006016448140,-1.8580064773559570,0.1958818733692169,0.1435278058052063,0.3514060676097870,-0.0679628252983093,0.4674826562404633,-0.0221543349325657,-0.2788882851600647,-0.8065109848976135,-0.2567893564701080,-0.0696984305977821,-0.4355208575725555,0.6467402577400208,0.6031203866004944,-2.4406058788299561,0.6133806705474854,-0.6468856334686279,-0.7067293524742126,0.0025714007206261,0.4604363441467285,-0.2748062312602997,0.2235561311244965,-0.0573369488120079,-0.5884768962860107
property_of,-0.3256517648696899,0.3316994309425354,-0.8472723364830017,0.6257053017616272,-0.4361499845981598,-0.3459852337837219,-0.1160941123962402,0.0134653877466917,0.2390754371881485,-0.1493564546108246,0.3021882772445679,-1.0649980306625366,0.1956637650728226,-0.2488693594932556,0.4366231262683868,0.3642673790454865,-0.3640449345111847,0.0219340194016695,0.2414296418428421,1.4214673042297363,-0.7632669210433960,-0.9251584410667419,-0.8713026046752930,-0.5673151612281799,-0.3520785868167877,-0.8903930187225342,0.2202695161104202,0.3949170112609863,-0.6386602520942688,0.9392716884613037,0.7386970520019531,-0.3997042775154114,2.1789879798889160,0.6930818557739258,-1.6804696321487427,-0.4551052451133728,-1.2204883098602295,-0.2076905816793442,-2.6553978919982910,0.8645781278610229,-1.1538693904876709,0.1922525614500046,-0.0346923582255840,-0.6472597718238831,0.0795202255249023,-0.8684949278831482,0.9260410070419312,1.5298007726669312,-1.8477687835693359,-0.8069725632667542,-1.1762655973434448,-0.0240114405751228,0.0330507569015026,0.1154409572482109,-1.1693862676620483,-0.2641540765762329,1.1692447662353516,-1.1028254032135010,0.4045132994651794,-1.7308017015457153,0.3759645819664001,1.1670130491256714,-1.1184980869293213,0.3619084656238556
manages,-1.4835109710693359,-0.0418638959527016,-1.0731163024902344,0.4546860754489899,-0.3139365315437317,0.2631510496139526,-1.4630194902420044,-0.2222568988800049,-0.7647164463996887,-0.4638295173645020,-0.8287131190299988,-0.1850513964891434,-0.9134021997451782,-0.8568927049636841,-1.3745604753494263,-1.3027002811431885,-1.0916904211044312,1.2857983112335205,1.4414377212524414,0.0392391756176949,-0.0694182515144348,0.6314881443977356,-1.5160610675811768,-0.0120929386466742,0.3935029804706573,-0.6435055136680603,-0.9123584032058716,-1.0107548236846924,0.1133061200380325,0.0023563394788653,0.8856866955757141,-0.4579289555549622,0.1432803720235825,1.2283976078033447,-3.3002536296844482,0.1992087364196777,-0.9439024925231934,-1.9132469892501831,0.0971698015928268,0.2036143690347672,-0.1174977198243141,2.0475170612335205,-0.3428826928138733,1.5376621484756470,-1.0339472293853760,0.3037786781787872,-0.2498767971992493,0.0394110195338726,-0.2267110496759415,0.0728345140814781,-0.1062312275171280,0.8633183836936951,-0.1842640340328217,-0.3916197717189789,-1.3394342660903931,1.5334882736206055,1.1999391317367554,0.5680805444717407,0.4079263508319855,0.1135481595993042,0.7139067053794861,-0.0344627425074577,-0.3789436817169189,-0.8353761434555054
assesses_effect_of,-1.3254328966140747,1.2535828351974487,0.2821402847766876,-2.3528056144714355,1.0295712947845459,-2.5221507549285889,0.3437892496585846,0.9931498169898987,-1.0672631263732910,2.6331007480621338,0.9451516866683960,0.2824518978595734,0.3085023760795593,0.7340584993362427,-1.2589123249053955,2.8810763359069824,-0.5333219170570374,-1.2062647342681885,1.7723174095153809,-0.4901628196239471,0.4866175055503845,1.3965350389480591,-0.4907453656196594,0.6221835613250732,-0.8771134018898010,-0.8638604283332825,1.2656422853469849,0.6906700134277344,-1.7749159336090088,0.9567964076995850,0.6886343359947205,-0.3036808967590332,0.3216035366058350,-1.9386349916458130,-1.2633240222930908,0.0097266845405102,-1.6105834245681763,1.1008280515670776,-0.9657387733459473,0.9620018005371094,-0.0983435437083244,-0.6981954574584961,1.5566509962081909,2.3701374530792236,-1.0606695413589478,-0.5400066971778870,0.8836206197738647,0.0824062228202820,0.0916764289140701,0.2537829279899597,-0.0595859661698341,3.0438513755798340,-2.2434060573577881,-0.4929900467395782,-1.9081028699874878,0.0860706195235252,-0.4410550594329834,-0.7167189121246338,2.7620830535888672,-0.6328841447830200,-1.4594545364379883,-1.9009143114089966,-0.0213536638766527,-0.5682738423347473
method_of,-0.9967094659805298,0.8771126866340637,1.5186104774475098,-0.9931086897850037,-0.7535586357116699,-0.1020578742027283,-1.0667160749435425,-0.1714037507772446,-1.9715454578399658,0.4904783070087433,0.4729753732681274,-0.1009447872638702,-1.1277697086334229,1.2014173269271851,-0.1864281445741653,0.6212853789329529,0.6782794594764709,0.9009521603584290,0.6345305442810059,0.4935124814510345,0.5871398448944092,-0.8401252031326294,-0.0517748519778252,-1.4715751409530640,0.2817966341972351,0.8857167959213257,-1.1128138303756714,-0.7401275634765625,0.8332757949829102,-0.4521241188049316,-0.2053088694810867,-0.9292382001876831,0.1094765141606331,-0.2684858739376068,-0.5289150476455688,0.8260447978973389,-0.7715167999267578,3.0437505245208740,-1.2840934991836548,0.6599904894828796,-1.6490409374237061,-1.8429553508758545,0.3795486688613892,0.1160896196961403,-1.2531654834747314,-1.0670149326324463,-0.2743518948554993,-0.2508053779602051,-0.9476719498634338,-0.0995065048336983,-0.2278967201709747,1.5750504732131958,0.9647654294967651,-0.4964042603969574,-1.8340378999710083,-0.9478302001953125,0.0709332749247551,-0.6150211691856384,0.2289587259292603,-1.3413273096084595,-0.5523916482925415,0.4466205537319183,0.1229855418205261,1.1567076444625854
measurement_of,-0.8577471375465393,1.1818253993988037,-1.4730011224746704,-2.1320819854736328,1.1020470857620239,-0.2618206739425659,1.0831848382949829,0.0668404623866081,0.0824582129716873,1.4993157386779785,-1.8007923364639282,0.3667089939117432,-0.8188236951828003,-0.0884087979793549,-1.6753886938095093,-0.4032444655895233,0.2398160099983215,-2.5726308822631836,-0.9294747114181519,0.2765820026397705,0.2231692969799042,0.5693316459655762,-1.0410560369491577,1.5127213001251221,-1.3054925203323364,-0.5200945138931274,-0.0010268040932715,-1.3521618843078613,-0.0347838141024113,-1.3690909147262573,-0.0972780659794807,2.1057510375976562,-0.3175892531871796,-0.8760374784469604,-0.9139125347137451,0.0523997023701668,-0.8476482033729553,-2.7590649127960205,0.8270343542098999,0.9415509104728699,-0.3400954604148865,0.2759436070919037,0.3348544836044312,-1.2875549793243408,-0.1791017800569534,0.8815518021583557,0.9237297177314758,0.0061651030555367,-0.1834649741649628,-2.6174376010894775,-0.9278264045715332,1.3793382644653320,-0.4258188903331757,0.1824968606233597,0.7247125506401062,-0.3988998532295227,0.5013535022735596,0.9717611670494080,0.1782911717891693,-0.8669030666351318,-0.4801357984542847,0.0402900464832783,-0.4125783741474152,-1.1785509586334229
precedes,0.0284005571156740,0.1738931089639664,2.3064453601837158,-0.0015565181383863,0.7906072139739990,0.3897843360900879,-0.5281615853309631,1.3502793312072754,1.0066748857498169,0.0540763102471828,-0.6943017840385437,-0.1721512675285339,-1.6249970197677612,-0.1066118776798248,0.0038955193012953,-0.2964926660060883,-0.2299419194459915,-0.6663742065429688,-0.5494570136070251,-1.5272051095962524,0.5635031461715698,0.4555648863315582,-1.0235025882720947,2.1153535842895508,2.7364392280578613,0.8356246352195740,-1.2988233566284180,-0.5129936337471008,0.1113874986767769,-0.2809580564498901,0.3682048618793488,0.5633175969123840,-0.5788842439651489,-0.6544338464736938,-1.1823316812515259,0.7930513024330139,-2.0986034870147705,-1.1578338146209717,-0.5383906960487366,-0.1574298441410065,-0.8212446570396423,0.8090075254440308,0.9867659807205200,-0.6065299510955811,1.6052039861679077,0.6732643246650696,-1.5546942949295044,-0.3438678979873657,-0.8108704090118408,-0.4479925334453583,-0.9202384948730469,0.9398138523101807,-1.3678036928176880,-0.4829809665679932,-1.7207188606262207,-2.0867958068847656,0.0227233208715916,0.1860539764165878,0.2772636115550995,-1.5613002777099609,0.0092749157920480,0.0774798020720482,-1.1222814321517944,0.1653342396020889
consists_of,0.6526945233345032,-0.3303716778755188,-0.2464705407619476,-1.5431089401245117,0.9263839125633240,-1.1230710744857788,-0.7323945164680481,-1.8446450233459473,-0.7520381212234497,-0.6077096462249756,-0.2897802293300629,0.9108946323394775,-0.8474430441856384,-0.6242443919181824,1.0102698802947998,2.4546494483947754,1.4006148576736450,-0.7970938086509705,-0.3279279768466949,3.2936317920684814,0.2336241155862808,0.5475517511367798,-0.7859297394752502,-2.6072423458099365,-0.8297892808914185,0.7689892649650574,0.4190078377723694,0.7141781449317932,0.8117346167564392,-0.6555846333503723,0.4954470396041870,-0.5114584565162659,0.3325030505657196,-1.4485940933227539,0.2087718248367310,-2.9601206779479980,-1.3170381784439087,-0.9658476114273071,-1.4723594188690186,0.3700022697448730,-0.7805300951004028,-0.5975797176361084,-0.8256112337112427,-0.5369966626167297,-0.2691756188869476,-0.1693642437458038,-0.2818733155727386,0.3969166576862335,-1.4556281566619873,-1.0820397138595581,0.6495847702026367,0.1106121093034744,0.0923381894826889,-1.4821350574493408,-0.1964171677827835,1.5277580022811890,-0.1304732114076614,0.7526226639747620,-2.5493779182434082,0.5053908824920654,-1.4461395740509033,-1.2779304981231689,0.8882899880409241,0.7749936580657959
performs,-0.3265044987201691,1.9262609481811523,0.3935764729976654,0.0644471347332001,0.6050535440444946,0.3349222540855408,-1.0237737894058228,-0.1469724327325821,-1.5833456516265869,-0.0961906760931015,-0.3392142951488495,0.4289613962173462,-0.2086911350488663,-1.0166341066360474,0.0049971523694694,0.8006874322891235,1.1200574636459351,-0.9035091400146484,-3.0507626533508301,1.1719893217086792,-0.1010375693440437,2.6199247837066650,0.4525467157363892,-2.5563824176788330,-0.0966299921274185,-0.8671834468841553,-1.4135866165161133,-0.2668586373329163,-0.7740687131881714,1.2985517978668213,-0.2414938509464264,1.3843383789062500,0.5768386721611023,1.1131470203399658,0.3029409050941467,1.2139286994934082,-0.7683518528938293,-0.2134333699941635,0.4291198253631592,-0.0164683833718300,-1.3935226202011108,-0.9347525238990784,-0.9547690153121948,1.8759313821792603,-0.1049260050058365,-1.2610712051391602,-0.1934115588665009,-0.9662515521049500,0.0787531435489655,-1.4032688140869141,-0.2816308140754700,0.1183572188019753,-0.0935494303703308,-0.9256061911582947,0.4402699470520020,-0.8821260929107666,-1.0906654596328735,-1.8371496200561523,-0.1021406799554825,-0.1777084916830063,-0.0010767953936011,0.8373404145240784,0.1783433854579926,-0.1095536127686501
conceptual_part_of,-0.2327297776937485,-0.4015289843082428,0.4587106108665466,-0.5784041285514832,0.7535294890403748,0.1253881305456161,-0.1786700189113617,0.1864649206399918,1.1531679630279541,-0.0979814380407333,-0.4901491105556488,0.2037250548601151,-1.5391777753829956,-0.5919412970542908,-0.1660592705011368,0.1194981113076210,0.1766141951084137,-0.7668754458427429,-0.6901752352714539,-0.4589623808860779,-0.2052487283945084,-0.7371745705604553,-1.0807036161422729,-1.9298075437545776,-1.9318503141403198,-1.7363986968994141,-0.5119228363037109,-0.0422309301793575,0.8879572749137878,-0.6910977959632874,0.5904294252395630,0.0938090011477470,0.6606992483139038,0.2906114161014557,-1.0392266511917114,-0.8297286629676819,-1.7018985748291016,0.0205567888915539,-0.1870517283678055,0.8014271259307861,-0.5495510697364807,-0.2367206662893295,-1.5620099306106567,-0.3893200457096100,0.8113569021224976,-0.3016699552536011,1.7633950710296631,-0.0474406443536282,-0.2055279463529587,-1.5296263694763184,-2.3164925575256348,-0.6200518012046814,0.2599430084228516,-0.6237937211990356,-0.7266947627067566,0.7210022807121277,-0.9160149097442627,0.5926454663276672,0.2444264739751816,-0.5444048047065735,0.9244551658630371,1.2677941322326660,0.1036161258816719,-0.7205504179000854
analyzes,-1.5208650827407837,-3.2688548564910889,-0.2498810291290283,-2.0949897766113281,2.1723670959472656,-1.4604614973068237,-0.1739284545183182,-1.2958754301071167,0.8260749578475952,0.0370476730167866,0.1082803234457970,-2.7742750644683838,-0.1860319823026657,0.0777232050895691,-0.0595487691462040,2.9367847442626953,0.2286160141229630,-1.2361795902252197,0.8905872106552124,-0.6494054794311523,0.3275457024574280,-0.1046450734138489,-1.2770763635635376,-1.5537254810333252,-1.5844054222106934,-2.4077792167663574,-0.2128797322511673,-0.4465547502040863,-0.6359673738479614,-0.3951115906238556,0.1568305343389511,1.7691510915756226,1.0733823776245117,-0.7095751166343689,-1.5691906213760376,-0.9797626137733459,0.1128366142511368,0.0816872641444206,-3.3089225292205811,1.3775811195373535,-0.0807147771120071,-1.2300215959548950,0.8690158128738403,0.4555857479572296,0.5283002853393555,-0.8952541947364807,-0.4651014804840088,-0.7294095158576965,-0.7079249620437622,-0.9700934886932373,-0.8934364318847656,0.1200253814458847,0.7279895544052124,1.6271760463714600,-1.5111377239227295,0.0805982127785683,-0.7912199497222900,-0.6143843531608582,1.0977463722229004,-1.1698234081268311,-1.5906667709350586,-3.3870611190795898,-0.2993748188018799,-2.0553221702575684
carries_out,-0.0074987504631281,0.6875951886177063,-0.0990942269563675,-0.5030340552330017,1.5252654552459717,0.3260403573513031,-0.3668079674243927,0.9782841205596924,0.5300658345222473,-2.0871775150299072,0.6543694734573364,-0.1378664672374725,-0.3347960412502289,-0.7388508319854736,-1.0084310770034790,-0.1115304604172707,0.1581385433673859,-0.3484696447849274,-1.7918894290924072,0.1661639213562012,-0.3625201284885406,1.0765954256057739,-1.4447749853134155,-1.1998499631881714,-0.1472867429256439,-0.1509840637445450,-1.0198365449905396,-0.0242405552417040,-0.6274350285530090,0.3600184321403503,-0.9770991206169128,-1.2547248601913452,0.0691038668155670,-0.1459881216287613,-1.5275056362152100,0.2264050394296646,-1.0993506908416748,-1.0816801786422729,1.4779065847396851,-0.3012990951538086,-1.0377833843231201,-1.8374433517456055,-1.6957800388336182,-1.4517585039138794,1.0591038465499878,0.8523236513137817,-0.5697122216224670,-0.3013940453529358,-0.6114130020141602,-1.8017607927322388,0.7335227131843567,-1.4262108802795410,-0.5683554410934448,1.0568313598632812,-0.5181073546409607,-0.3469753563404083,-0.8107648491859436,-0.4495685100555420,-1.8110945224761963,0.0730506554245949,-0.5337492227554321,0.3560790717601776,0.5825321674346924,0.3128201663494110
developmental_form_of,-0.1795041412115097,1.0421146154403687,0.2585619091987610,-0.6157262325286865,2.2503836154937744,0.1544817388057709,-0.9159018993377686,-0.7053530216217041,1.1336239576339722,0.4555476307868958,-0.4311364591121674,-1.1760429143905640,0.2671132683753967,0.4026849865913391,0.3327247798442841,1.4286780357360840,-1.0176650285720825,-0.1149135529994965,-1.0624274015426636,-0.0557185709476471,-0.3056214749813080,0.8675383925437927,-0.9742854833602905,-2.2261157035827637,0.7979971766471863,-1.1531903743743896,-0.8664331436157227,-0.2186170518398285,1.4508275985717773,-2.7391877174377441,-0.7298313975334167,-0.4177535176277161,-0.1536343544721603,0.2642715573310852,-0.4160962700843811,-1.8902930021286011,0.1949643045663834,0.6116579771041870,0.8878669142723083,-0.0994954630732536,1.1460480690002441,-2.4611957073211670,-0.0240889377892017,-0.9900258183479309,-0.9421450495719910,-1.6146640777587891,-0.4676004648208618,-0.2165145277976990,0.2737535238265991,-2.1744911670684814,0.5732741951942444,-2.4874734878540039,0.1963991969823837,-1.0776607990264893,-1.3775427341461182,0.8943011164665222,0.3650456070899963,0.0951270312070847,-0.1502761542797089,0.4489698112010956,-0.2204775214195251,-1.1163944005966187,-0.6789442300796509,0.7474461793899536
contains,-1.9295307397842407,-0.5435069203376770,-0.0590054132044315,-1.1641154289245605,-0.1744951456785202,-1.1695324182510376,-0.2421972602605820,-0.6819595098495483,0.5697867870330811,0.5366169810295105,-0.8260109424591064,-0.4793414473533630,-0.2752636671066284,0.4392855167388916,0.6235144138336182,-0.0378326512873173,-0.3813739418983459,0.3225740194320679,-1.0410249233245850,0.6286796927452087,-0.1105308905243874,-0.4091114699840546,-1.2662578821182251,-0.5179951190948486,-1.0091471672058105,-0.0921320989727974,-1.3127971887588501,-0.1514373719692230,-1.0032021999359131,0.5037563443183899,-0.7067078351974487,-0.2408599555492401,0.0549487024545670,0.2266249060630798,0.1377946287393570,-1.8117511272430420,-1.3867520093917847,-0.3830009102821350,0.6032965779304504,1.1432088613510132,-1.6863214969635010,-1.3945319652557373,-1.6188760995864868,-0.0845619514584541,-0.0093301329761744,-0.2894024550914764,0.6062254905700684,-1.2082552909851074,-0.6080328226089478,-0.5342543125152588,1.3316843509674072,-1.1272640228271484,0.0071758795529604,0.6328234672546387,-0.8304018974304199,1.7729070186614990,-0.0893258601427078,0.6011089086532593,-0.0272035971283913,-0.4284603595733643,1.0183206796646118,-0.3423236906528473,0.3530235290527344,-0.3501515388488770
adjacent_to,-2.1078817844390869,-0.0582277849316597,-1.2283147573471069,-0.5883130431175232,3.6108937263488770,-1.0849676132202148,-0.8142369985580444,-2.7901513576507568,0.0056712264195085,-0.0410876348614693,0.6424385309219360,0.5417619943618774,0.3036645054817200,1.2712363004684448,-1.8706667423248291,2.6032779216766357,-0.0950148403644562,-0.8832853436470032,-0.8872308135032654,-0.3864509761333466,0.6451625823974609,1.5116797685623169,1.3392716646194458,-1.7943910360336304,-1.7185546159744263,-0.0621203705668449,-0.7166549563407898,1.8187828063964844,-0.1186056882143021,0.7761036753654480,-0.2605366706848145,0.1721946895122528,0.0155954826623201,-1.6913036108016968,0.5584407448768616,-1.1169693470001221,-0.8894983530044556,-1.8260939121246338,-0.1046059727668762,-0.6832266449928284,-1.7666622400283813,-2.0562493801116943,0.1075871586799622,1.8510112762451172,0.9669439792633057,0.1110951527953148,-0.2090547084808350,-0.4462975859642029,-1.1657071113586426,1.0612874031066895,0.0393406413495541,0.2219762355089188,-0.9907228350639343,1.5260602235794067,-1.2996736764907837,1.2807456254959106,-0.9763379096984863,1.4889005422592163,-0.0357409901916981,0.0600214637815952,1.3770170211791992,1.3914842605590820,-0.5298083424568176,0.3544642031192780
interconnects,0.6200398802757263,0.8585691452026367,-1.4453570842742920,0.2892763018608093,-0.2229452580213547,-0.8933380246162415,-0.4258154630661011,-2.0048272609710693,-0.9604712724685669,-1.4117372035980225,-0.7146331071853638,-0.7220596671104431,-1.1345436573028564,-0.7488420605659485,-0.5597447752952576,0.8154596090316772,0.0715219005942345,-2.3186864852905273,-0.5076840519905090,0.3849608302116394,2.0069854259490967,2.1005961894989014,-0.5332526564598083,-2.1320416927337646,-0.7697356939315796,0.6285037398338318,-1.2557103633880615,0.2011057585477829,-1.1458834409713745,-1.0405485630035400,0.1803726106882095,-0.5568051338195801,-1.8312443494796753,0.9028575420379639,-0.9548006653785706,-1.2125977277755737,-1.7884577512741089,0.2147621959447861,-0.7798431515693665,0.5582619905471802,-1.0299252271652222,-1.2047332525253296,-0.1425804197788239,-0.3921037316322327,-0.1155119612812996,1.5584216117858887,0.3540082573890686,1.2274504899978638,-2.4271836280822754,-0.6068041324615479,0.8598552346229553,-0.2092028558254242,0.5115587711334229,-0.5513619184494019,0.3022010624408722,2.3777101039886475,-0.0417574122548103,1.0688614845275879,-0.2774097621440887,0.3197769820690155,1.2461493015289307,0.7371687293052673,0.0690151154994965,-0.1130557432770729
conceptually_related_to,1.1567382812500000,-0.5365959405899048,-0.4034721553325653,-0.7192404866218567,0.0028924043290317,1.7977726459503174,0.2042128443717957,2.4146285057067871,-0.1081927344202995,-1.2554321289062500,0.7255452871322632,-0.1064623072743416,2.4205582141876221,-1.0888828039169312,-1.2507721185684204,-2.4644405841827393,-0.0100012933835387,-0.4987810552120209,-0.6613965034484863,1.0087951421737671,-0.3053186833858490,0.6361135244369507,-2.0502557754516602,-0.3040743470191956,1.5797439813613892,1.4391059875488281,-0.8330243229866028,0.9136315584182739,-2.2344605922698975,0.2144010066986084,-0.0379729829728603,-0.5871283411979675,1.2889528274536133,-0.4854274392127991,-0.1572108417749405,-0.4674455225467682,-0.4593965709209442,-1.2484468221664429,-1.1896802186965942,1.5639336109161377,-0.5393024086952209,0.3731173574924469,1.2044835090637207,-1.4438793659210205,0.9466409087181091,-0.5658432841300964,-0.6220921277999878,-0.5462202429771423,-1.9870145320892334,-2.1220860481262207,-2.3019828796386719,0.1066560298204422,-0.8007298111915588,0.3509912192821503,-2.0257709026336670,-0.1072365492582321,0.2880451977252960,-2.4233090877532959,0.7634490728378296,0.0327517911791801,0.1745661348104477,-0.2162930816411972,0.3536094427108765,0.5461581945419312
surrounds,-0.3145239651203156,1.0299669504165649,-0.2266475260257721,-0.8754494786262512,0.2185149937868118,0.0966734439134598,-0.7991436719894409,-0.6781161427497864,0.4339466392993927,-1.3647761344909668,0.7322594523429871,-0.8303608894348145,-1.4972951412200928,0.6293687224388123,0.3475046455860138,0.6125620603561401,-0.6005724072456360,-1.8661538362503052,0.4344939589500427,0.9959830045700073,0.0086069153621793,1.2773972749710083,-0.6742141246795654,-2.4305167198181152,-0.9620190262794495,-0.5636771917343140,-0.7826526165008545,1.4050511121749878,-1.1372323036193848,-1.0154691934585571,-0.6738353371620178,0.1319306790828705,0.0646311640739441,-0.8090214729309082,-0.6931182146072388,-1.3853522539138794,-0.7967244982719421,-0.7716335654258728,-1.6939918994903564,2.5118117332458496,-0.8385032415390015,-1.7140786647796631,0.7491261363029480,1.4774044752120972,0.7648584246635437,0.3952300250530243,0.7475270032882690,-1.7507973909378052,-1.8030995130538940,-1.4365839958190918,0.5175328254699707,-0.2944228947162628,-0.2764151394367218,-0.3179216980934143,0.0617386922240257,1.0532391071319580,-0.5822204351425171,0.9600400328636169,0.2539255917072296,-0.4585238993167877,0.6225206851959229,0.8873506784439087,-0.4001401662826538,0.8936777114868164
derivative_of,-0.6588528156280518,-1.4316359758377075,-0.0099295573309064,-0.2272727787494659,-3.1892399787902832,0.1548641026020050,-1.6811233758926392,-1.4881348609924316,-1.3642176389694214,-0.0642931386828423,-0.0697495415806770,-0.8954405784606934,-0.5962085723876953,3.2329041957855225,-2.0446715354919434,1.7159299850463867,-2.0788319110870361,0.2723060548305511,-0.6247281432151794,0.4324068725109100,0.3088887929916382,0.7808385491371155,-0.6700937747955322,-1.8899439573287964,-1.2203712463378906,0.3911193013191223,-0.4604653120040894,-0.8195338249206543,0.4782965183258057,0.6697154045104980,0.1879992038011551,-0.4646897017955780,0.3228955566883087,0.5395487546920776,0.4694344997406006,-0.3726662099361420,0.6944066286087036,-2.5634303092956543,-0.8066800236701965,-0.0159247759729624,-1.9226189851760864,1.6946449279785156,-0.8650118112564087,-1.1756021976470947,1.2649054527282715,-0.3398717641830444,-0.6044777631759644,-0.0979415625333786,-0.7692733407020569,-2.1799511909484863,0.9286825656890869,-2.3522429466247559,-0.0459666922688484,-2.4563777446746826,-0.3719782233238220,1.9543678760528564,-0.5284045338630676,1.4868446588516235,-0.3715882599353790,-1.3567032814025879,-0.1535372436046600,-0.1649240553379059,0.1211661323904991,-1.1084786653518677
practices,0.2002577036619186,1.9148005247116089,-0.0470851659774780,-0.1179395169019699,-0.1712343543767929,0.5371515750885010,-1.3753426074981689,0.0228390581905842,-0.7551108002662659,0.5249890685081482,-0.7267190814018250,0.0375899858772755,-2.5348374843597412,1.4425714015960693,-0.5129277110099792,0.2060071825981140,0.6984186172485352,0.7962622046470642,-2.1674716472625732,-0.3041104376316071,-1.1366901397705078,0.4748740494251251,1.0705443620681763,1.6275130510330200,0.3637672066688538,-0.2019398361444473,-1.3189017772674561,-0.5539944767951965,-0.3794105052947998,-1.0655368566513062,0.4779383242130280,-1.1652963161468506,-0.0969851762056351,-0.6313445568084717,2.0014262199401855,-0.3938074111938477,-2.2679195404052734,1.9868252277374268,1.5119069814682007,-0.1293589025735855,-2.0962984561920166,-0.6779351234436035,1.0004676580429077,-5.3989806175231934,2.3427069187164307,-0.0687963813543320,-0.0404829531908035,0.1876695156097412,1.2795803546905518,0.7903583049774170,1.3633217811584473,0.7535751461982727,-0.3733637630939484,0.0634017810225487,-1.2948670387268066,2.3269076347351074,-0.6314558386802673,3.2234213352203369,0.3632934093475342,-1.5268090963363647,1.7157588005065918,-0.9972988963127136,0.0017311628907919,-0.7052866220474243
