UMLS,DistMult,DistMult,104,101022850,0.7381479466548292
UMLS,DistMult,DistMult,104,1466990855,0.720548417744242
UMLS,DistMult,DistMult,104,1859447115,0.7319367713917785
UMLS,DistMult,DistMult,104,2164385946,0.7332428689333162
UMLS,DistMult,DistMult,104,2376066489,0.7201423260333168
UMLS,DistMult,DistMult,104,2430986565,0.7354464686458475
UMLS,DistMult,DistMult,104,3087940365,0.7211106481908299
UMLS,DistMult,DistMult,104,636282949,0.7437962300250526
UMLS,DistMult,DistMult,104,694443915,0.7475203355050889
UMLS,DistMult,DistMult,104,831769172,0.7390955243567897
UMLS,DistMult,DistMult,156,101022850,0.7233230912040751
UMLS,DistMult,DistMult,156,1466990855,0.702308539313559
UMLS,DistMult,DistMult,156,1859447115,0.7063318940161548
UMLS,DistMult,DistMult,156,2164385946,0.7102373034749035
UMLS,DistMult,DistMult,156,2376066489,0.7002046407303372
UMLS,DistMult,DistMult,156,2430986565,0.7039443825334667
UMLS,DistMult,DistMult,156,3087940365,0.7154567627196406
UMLS,DistMult,DistMult,156,636282949,0.7065011508334347
UMLS,DistMult,DistMult,156,694443915,0.7305556649383501
UMLS,DistMult,DistMult,156,831769172,0.7288457426756878
UMLS,DistMult,DistMult,208,101022850,0.7048110918059628
UMLS,DistMult,DistMult,208,1466990855,0.6945132362360816
UMLS,DistMult,DistMult,208,1859447115,0.7126208601936821
UMLS,DistMult,DistMult,208,2164385946,0.6842784890368527
UMLS,DistMult,DistMult,208,2376066489,0.6881604528334813
UMLS,DistMult,DistMult,208,2430986565,0.7089786962172147
UMLS,DistMult,DistMult,208,3087940365,0.7299418433517071
UMLS,DistMult,DistMult,208,636282949,0.7038715478170899
UMLS,DistMult,DistMult,208,694443915,0.7164333049166675
UMLS,DistMult,DistMult,208,831769172,0.7014211946059316
UMLS,DistMult,DistMult,260,101022850,0.6948984328199561
UMLS,DistMult,DistMult,260,1466990855,0.6729655483386968
UMLS,DistMult,DistMult,260,1859447115,0.6835206743550651
UMLS,DistMult,DistMult,260,2164385946,0.687051009905372
UMLS,DistMult,DistMult,260,2376066489,0.6628316143491735
UMLS,DistMult,DistMult,260,2430986565,0.6663658544091775
UMLS,DistMult,DistMult,260,3087940365,0.6818414704048897
UMLS,DistMult,DistMult,260,636282949,0.659395550845555
UMLS,DistMult,DistMult,260,694443915,0.68520027127305
UMLS,DistMult,DistMult,260,831769172,0.693416231398876
UMLS,DistMult,DistMult,312,101022850,0.6991844030687268
UMLS,DistMult,DistMult,312,1466990855,0.6548331910787325
UMLS,DistMult,DistMult,312,1859447115,0.6887331034409291
UMLS,DistMult,DistMult,312,2164385946,0.6679342997175259
UMLS,DistMult,DistMult,312,2376066489,0.6513362130771871
UMLS,DistMult,DistMult,312,2430986565,0.6619158227556197
UMLS,DistMult,DistMult,312,3087940365,0.6399191704611317
UMLS,DistMult,DistMult,312,636282949,0.6615166330543011
UMLS,DistMult,DistMult,312,694443915,0.6796192800843296
UMLS,DistMult,DistMult,312,831769172,0.6686506031579629
UMLS,DistMult,DistMult,365,101022850,0.6700626611624675
UMLS,DistMult,DistMult,365,1466990855,0.6405197144773128
UMLS,DistMult,DistMult,365,1859447115,0.6797169805233286
UMLS,DistMult,DistMult,365,2164385946,0.6441550331115038
UMLS,DistMult,DistMult,365,2376066489,0.628338586014236
UMLS,DistMult,DistMult,365,2430986565,0.6343022365539458
UMLS,DistMult,DistMult,365,3087940365,0.6328904307100918
UMLS,DistMult,DistMult,365,636282949,0.634953503916791
UMLS,DistMult,DistMult,365,694443915,0.6688431680773235
UMLS,DistMult,DistMult,365,831769172,0.6551285202646626
UMLS,DistMult,DistMult,417,101022850,0.6681932290708448
UMLS,DistMult,DistMult,417,1466990855,0.6388095353697658
UMLS,DistMult,DistMult,417,1859447115,0.6465641844940562
UMLS,DistMult,DistMult,417,2164385946,0.6389173200659591
UMLS,DistMult,DistMult,417,2376066489,0.6311824164852454
UMLS,DistMult,DistMult,417,2430986565,0.6422387690035677
UMLS,DistMult,DistMult,417,3087940365,0.6311002942996203
UMLS,DistMult,DistMult,417,636282949,0.6057500164241715
UMLS,DistMult,DistMult,417,694443915,0.6435610646042491
UMLS,DistMult,DistMult,417,831769172,0.6385756190600094
UMLS,DistMult,DistMult,469,101022850,0.6456922172718483
UMLS,DistMult,DistMult,469,1466990855,0.6344862930303323
UMLS,DistMult,DistMult,469,1859447115,0.6379590616510893
UMLS,DistMult,DistMult,469,2164385946,0.6176015746178829
UMLS,DistMult,DistMult,469,2376066489,0.6183597400003137
UMLS,DistMult,DistMult,469,2430986565,0.639081445980402
UMLS,DistMult,DistMult,469,3087940365,0.6176351750724436
UMLS,DistMult,DistMult,469,636282949,0.6052579195439038
UMLS,DistMult,DistMult,469,694443915,0.6157110139242044
UMLS,DistMult,DistMult,469,831769172,0.6211262155889217
UMLS,DistMult,DistMult,52,101022850,0.7413566856635424
UMLS,DistMult,DistMult,52,1466990855,0.743651102702886
UMLS,DistMult,DistMult,52,1859447115,0.7517081480920335
UMLS,DistMult,DistMult,52,2164385946,0.7322946908786466
UMLS,DistMult,DistMult,52,2376066489,0.7406272137673461
UMLS,DistMult,DistMult,52,2430986565,0.7450775263532947
UMLS,DistMult,DistMult,52,3087940365,0.7470192812573072
UMLS,DistMult,DistMult,52,636282949,0.7559704202773009
UMLS,DistMult,DistMult,52,694443915,0.7471702046532166
UMLS,DistMult,DistMult,52,831769172,0.7607368258657593
UMLS,DistMult,DistMult,521,101022850,0.47732643594999485
UMLS,DistMult,DistMult,521,1466990855,0.4109554254723605
UMLS,DistMult,DistMult,521,1859447115,0.40761007214417294
UMLS,DistMult,DistMult,521,2164385946,0.4563184626479809
UMLS,DistMult,DistMult,521,2376066489,0.5917824372666196
UMLS,DistMult,DistMult,521,2430986565,0.4533670618763963
UMLS,DistMult,DistMult,521,3087940365,0.2771424592128463
UMLS,DistMult,DistMult,521,636282949,0.5828572090536637
UMLS,DistMult,DistMult,521,694443915,0.5936652219089015
UMLS,DistMult,DistMult,521,831769172,0.38058124203070126
UMLS,DistMult,ComplEx,104,101022850,0.7174577597077502
UMLS,DistMult,ComplEx,104,1466990855,0.7169246508304569
UMLS,DistMult,ComplEx,104,1859447115,0.7528625293625618
UMLS,DistMult,ComplEx,104,2164385946,0.7132814478334659
UMLS,DistMult,ComplEx,104,2376066489,0.7102883742134799
UMLS,DistMult,ComplEx,104,2430986565,0.7227138632040273
UMLS,DistMult,ComplEx,104,3087940365,0.7198223666633311
UMLS,DistMult,ComplEx,104,636282949,0.7148807591862558
UMLS,DistMult,ComplEx,104,694443915,0.7240732936310698
UMLS,DistMult,ComplEx,104,831769172,0.7207876417932805
UMLS,DistMult,ComplEx,156,101022850,0.6934430260877338
UMLS,DistMult,ComplEx,156,1466990855,0.6868162844842668
UMLS,DistMult,ComplEx,156,1859447115,0.725766261094361
UMLS,DistMult,ComplEx,156,2164385946,0.6863492864545848
UMLS,DistMult,ComplEx,156,2376066489,0.7004868779849238
UMLS,DistMult,ComplEx,156,2430986565,0.7028919966792505
UMLS,DistMult,ComplEx,156,3087940365,0.6831978022296623
UMLS,DistMult,ComplEx,156,636282949,0.6787972225312345
UMLS,DistMult,ComplEx,156,694443915,0.7033817264036459
UMLS,DistMult,ComplEx,156,831769172,0.6982274368607952
UMLS,DistMult,ComplEx,208,101022850,0.6739230170085072
UMLS,DistMult,ComplEx,208,1466990855,0.6783120029836961
UMLS,DistMult,ComplEx,208,1859447115,0.6902211315587053
UMLS,DistMult,ComplEx,208,2164385946,0.6897362816163188
UMLS,DistMult,ComplEx,208,2376066489,0.6677025032293209
UMLS,DistMult,ComplEx,208,2430986565,0.67473650610604
UMLS,DistMult,ComplEx,208,3087940365,0.6796265079760111
UMLS,DistMult,ComplEx,208,636282949,0.6623869246884629
UMLS,DistMult,ComplEx,208,694443915,0.6964912587248525
UMLS,DistMult,ComplEx,208,831769172,0.6811098712927773
UMLS,DistMult,ComplEx,260,101022850,0.6591427020289468
UMLS,DistMult,ComplEx,260,1466990855,0.6575973108562042
UMLS,DistMult,ComplEx,260,1859447115,0.6711649160525311
UMLS,DistMult,ComplEx,260,2164385946,0.6711964066005215
UMLS,DistMult,ComplEx,260,2376066489,0.6511683288486115
UMLS,DistMult,ComplEx,260,2430986565,0.6540852343657101
UMLS,DistMult,ComplEx,260,3087940365,0.6566684256702375
UMLS,DistMult,ComplEx,260,636282949,0.6449897451835283
UMLS,DistMult,ComplEx,260,694443915,0.6631540894752173
UMLS,DistMult,ComplEx,260,831769172,0.6603562953321412
UMLS,DistMult,ComplEx,312,101022850,0.6481322841174868
UMLS,DistMult,ComplEx,312,1466990855,0.6395970519478297
UMLS,DistMult,ComplEx,312,1859447115,0.6596577282907893
UMLS,DistMult,ComplEx,312,2164385946,0.6415915641863583
UMLS,DistMult,ComplEx,312,2376066489,0.6384127614183335
UMLS,DistMult,ComplEx,312,2430986565,0.6368340169329126
UMLS,DistMult,ComplEx,312,3087940365,0.6282590408135298
UMLS,DistMult,ComplEx,312,636282949,0.6482894825822113
UMLS,DistMult,ComplEx,312,694443915,0.6469996551600361
UMLS,DistMult,ComplEx,312,831769172,0.6569806774082658
UMLS,DistMult,ComplEx,365,101022850,0.6293635961874603
UMLS,DistMult,ComplEx,365,1466990855,0.6421455366450893
UMLS,DistMult,ComplEx,365,1859447115,0.6285856875669841
UMLS,DistMult,ComplEx,365,2164385946,0.6261403126001834
UMLS,DistMult,ComplEx,365,2376066489,0.6265438327553489
UMLS,DistMult,ComplEx,365,2430986565,0.6144613031983907
UMLS,DistMult,ComplEx,365,3087940365,0.6257620983246209
UMLS,DistMult,ComplEx,365,636282949,0.6218186765907118
UMLS,DistMult,ComplEx,365,694443915,0.6229111974347512
UMLS,DistMult,ComplEx,365,831769172,0.6424676594909424
UMLS,DistMult,ComplEx,417,101022850,0.6216489465861517
UMLS,DistMult,ComplEx,417,1466990855,0.6318392745748002
UMLS,DistMult,ComplEx,417,1859447115,0.6030924741212196
UMLS,DistMult,ComplEx,417,2164385946,0.6146662253889552
UMLS,DistMult,ComplEx,417,2376066489,0.6108659134668799
UMLS,DistMult,ComplEx,417,2430986565,0.5948740061333291
UMLS,DistMult,ComplEx,417,3087940365,0.6138328420601905
UMLS,DistMult,ComplEx,417,636282949,0.6166759208071212
UMLS,DistMult,ComplEx,417,694443915,0.6231598054076656
UMLS,DistMult,ComplEx,417,831769172,0.6147263557222745
UMLS,DistMult,ComplEx,469,101022850,0.6123932633195535
UMLS,DistMult,ComplEx,469,1466990855,0.6003618873407697
UMLS,DistMult,ComplEx,469,1859447115,0.5920951807803201
UMLS,DistMult,ComplEx,469,2164385946,0.5976956193231541
UMLS,DistMult,ComplEx,469,2376066489,0.6006755360619909
UMLS,DistMult,ComplEx,469,2430986565,0.5604909922148341
UMLS,DistMult,ComplEx,469,3087940365,0.6123325360745293
UMLS,DistMult,ComplEx,469,636282949,0.5937788817438477
UMLS,DistMult,ComplEx,469,694443915,0.6061984501541989
UMLS,DistMult,ComplEx,469,831769172,0.6137152452239073
UMLS,DistMult,ComplEx,52,101022850,0.7450562297015159
UMLS,DistMult,ComplEx,52,1466990855,0.7517148762035041
UMLS,DistMult,ComplEx,52,1859447115,0.7708661365540255
UMLS,DistMult,ComplEx,52,2164385946,0.7407042559408865
UMLS,DistMult,ComplEx,52,2376066489,0.7276827699675651
UMLS,DistMult,ComplEx,52,2430986565,0.7314993715053199
UMLS,DistMult,ComplEx,52,3087940365,0.7239392486582263
UMLS,DistMult,ComplEx,52,636282949,0.7276834385386541
UMLS,DistMult,ComplEx,52,694443915,0.7488511143283072
UMLS,DistMult,ComplEx,52,831769172,0.7502667874682748
UMLS,DistMult,ComplEx,521,101022850,0.5996793130894009
UMLS,DistMult,ComplEx,521,1466990855,0.5770927146115687
UMLS,DistMult,ComplEx,521,1859447115,0.4355346980664329
UMLS,DistMult,ComplEx,521,2164385946,0.4188579516999975
UMLS,DistMult,ComplEx,521,2376066489,0.5788319607770283
UMLS,DistMult,ComplEx,521,2430986565,0.39993165863332353
UMLS,DistMult,ComplEx,521,3087940365,0.42250399704287317
UMLS,DistMult,ComplEx,521,636282949,0.48055278345261687
UMLS,DistMult,ComplEx,521,694443915,0.3539704491990038
UMLS,DistMult,ComplEx,521,831769172,0.4149269309327706
UMLS,DistMult,QMult,104,101022850,0.7329100744575126
UMLS,DistMult,QMult,104,1466990855,0.7206479297703657
UMLS,DistMult,QMult,104,1859447115,0.753783212823475
UMLS,DistMult,QMult,104,2164385946,0.7289566413036833
UMLS,DistMult,QMult,104,2376066489,0.705111717698598
UMLS,DistMult,QMult,104,2430986565,0.7404311916786259
UMLS,DistMult,QMult,104,3087940365,0.690410718636294
UMLS,DistMult,QMult,104,636282949,0.695127690316661
UMLS,DistMult,QMult,104,694443915,0.7256893007546339
UMLS,DistMult,QMult,104,831769172,0.7232932192372854
UMLS,DistMult,QMult,156,101022850,0.7225101732378593
UMLS,DistMult,QMult,156,1466990855,0.6970861418881059
UMLS,DistMult,QMult,156,1859447115,0.7259842492823816
UMLS,DistMult,QMult,156,2164385946,0.698681394938713
UMLS,DistMult,QMult,156,2376066489,0.687325885194713
UMLS,DistMult,QMult,156,2430986565,0.7045966472373157
UMLS,DistMult,QMult,156,3087940365,0.6849749776257158
UMLS,DistMult,QMult,156,636282949,0.6981265909563772
UMLS,DistMult,QMult,156,694443915,0.7088885864747746
UMLS,DistMult,QMult,156,831769172,0.7083192728821819
UMLS,DistMult,QMult,208,101022850,0.6938614537003683
UMLS,DistMult,QMult,208,1466990855,0.6767935276508602
UMLS,DistMult,QMult,208,1859447115,0.7071413816893789
UMLS,DistMult,QMult,208,2164385946,0.6746544137632616
UMLS,DistMult,QMult,208,2376066489,0.6712322274165474
UMLS,DistMult,QMult,208,2430986565,0.6756828476183114
UMLS,DistMult,QMult,208,3087940365,0.6665942395877408
UMLS,DistMult,QMult,208,636282949,0.6637075127191135
UMLS,DistMult,QMult,208,694443915,0.691653817142416
UMLS,DistMult,QMult,208,831769172,0.6871707092464332
UMLS,DistMult,QMult,260,101022850,0.670266035759013
UMLS,DistMult,QMult,260,1466990855,0.6657502615378152
UMLS,DistMult,QMult,260,1859447115,0.6837032598125733
UMLS,DistMult,QMult,260,2164385946,0.670075437019957
UMLS,DistMult,QMult,260,2376066489,0.6604741853095623
UMLS,DistMult,QMult,260,2430986565,0.6611970820476287
UMLS,DistMult,QMult,260,3087940365,0.6461215622697537
UMLS,DistMult,QMult,260,636282949,0.6523558484386317
UMLS,DistMult,QMult,260,694443915,0.6630662222569528
UMLS,DistMult,QMult,260,831769172,0.6866256020266164
UMLS,DistMult,QMult,312,101022850,0.6547769557583589
UMLS,DistMult,QMult,312,1466990855,0.6621483166466857
UMLS,DistMult,QMult,312,1859447115,0.6520770403870477
UMLS,DistMult,QMult,312,2164385946,0.641712656813036
UMLS,DistMult,QMult,312,2376066489,0.648038819546625
UMLS,DistMult,QMult,312,2430986565,0.6272735489775854
UMLS,DistMult,QMult,312,3087940365,0.6399737818934548
UMLS,DistMult,QMult,312,636282949,0.6373404265204242
UMLS,DistMult,QMult,312,694443915,0.6461771504397302
UMLS,DistMult,QMult,312,831769172,0.6848217327739199
UMLS,DistMult,QMult,365,101022850,0.6085678822070723
UMLS,DistMult,QMult,365,1466990855,0.6258183331279463
UMLS,DistMult,QMult,365,1859447115,0.6454088470527288
UMLS,DistMult,QMult,365,2164385946,0.6345040148787244
UMLS,DistMult,QMult,365,2376066489,0.6290837819099134
UMLS,DistMult,QMult,365,2430986565,0.618218140246095
UMLS,DistMult,QMult,365,3087940365,0.6060065379148155
UMLS,DistMult,QMult,365,636282949,0.6140694597227396
UMLS,DistMult,QMult,365,694443915,0.613743234773024
UMLS,DistMult,QMult,365,831769172,0.6516034359959224
UMLS,DistMult,QMult,417,101022850,0.6137163991721797
UMLS,DistMult,QMult,417,1466990855,0.6468536586706598
UMLS,DistMult,QMult,417,1859447115,0.62274525697029
UMLS,DistMult,QMult,417,2164385946,0.6030796702887578
UMLS,DistMult,QMult,417,2376066489,0.6125361787260343
UMLS,DistMult,QMult,417,2430986565,0.620047158443694
UMLS,DistMult,QMult,417,3087940365,0.5938309271427789
UMLS,DistMult,QMult,417,636282949,0.6051020146212878
UMLS,DistMult,QMult,417,694443915,0.61427188112404
UMLS,DistMult,QMult,417,831769172,0.634395089432989
UMLS,DistMult,QMult,469,101022850,0.5867460031953671
UMLS,DistMult,QMult,469,1466990855,0.6110093833876922
UMLS,DistMult,QMult,469,1859447115,0.4239767023741075
UMLS,DistMult,QMult,469,2164385946,0.5944851920707589
UMLS,DistMult,QMult,469,2376066489,0.617215244700799
UMLS,DistMult,QMult,469,2430986565,0.6046825091954515
UMLS,DistMult,QMult,469,3087940365,0.5940815975327546
UMLS,DistMult,QMult,469,636282949,0.5758521708836468
UMLS,DistMult,QMult,469,694443915,0.5838811761688828
UMLS,DistMult,QMult,469,831769172,0.6140521826668017
UMLS,DistMult,QMult,52,101022850,0.7573697537632992
UMLS,DistMult,QMult,52,1466990855,0.7408608650251508
UMLS,DistMult,QMult,52,1859447115,0.764148340283565
UMLS,DistMult,QMult,52,2164385946,0.7484730983158464
UMLS,DistMult,QMult,52,2376066489,0.7404912143543759
UMLS,DistMult,QMult,52,2430986565,0.7262002787690744
UMLS,DistMult,QMult,52,3087940365,0.7292679930837519
UMLS,DistMult,QMult,52,636282949,0.7334105178568817
UMLS,DistMult,QMult,52,694443915,0.7663501365193544
UMLS,DistMult,QMult,52,831769172,0.7624283194523213
UMLS,DistMult,QMult,521,101022850,0.3311166953337091
UMLS,DistMult,QMult,521,1466990855,0.3353480154093689
UMLS,DistMult,QMult,521,1859447115,0.49439811564901365
UMLS,DistMult,QMult,521,2164385946,0.3882299578341464
UMLS,DistMult,QMult,521,2376066489,0.4815820131179363
UMLS,DistMult,QMult,521,2430986565,0.34531008086017406
UMLS,DistMult,QMult,521,3087940365,0.5707159238343568
UMLS,DistMult,QMult,521,636282949,0.5639248475950003
UMLS,DistMult,QMult,521,694443915,0.528937527904077
UMLS,DistMult,QMult,521,831769172,0.5292209881277105
UMLS,DistMult,DeCaL,104,1859447115,0.7342733177251607
UMLS,DistMult,DeCaL,104,2164385946,0.7368708844306252
UMLS,DistMult,DeCaL,104,2376066489,0.7334331234953508
UMLS,DistMult,DeCaL,104,2430986565,0.7303951335081738
UMLS,DistMult,DeCaL,104,694443915,0.7329541705918029
UMLS,DistMult,DeCaL,104,831769172,0.7306348269041453
UMLS,DistMult,DeCaL,156,1859447115,0.7281375544350334
UMLS,DistMult,DeCaL,156,2164385946,0.7200952438659973
UMLS,DistMult,DeCaL,156,2376066489,0.7096458319786111
UMLS,DistMult,DeCaL,156,2430986565,0.7125801970881877
UMLS,DistMult,DeCaL,156,694443915,0.7097645747901496
UMLS,DistMult,DeCaL,156,831769172,0.7221409847621797
UMLS,DistMult,DeCaL,208,1859447115,0.7020347189057492
UMLS,DistMult,DeCaL,208,2376066489,0.6721017933771694
UMLS,DistMult,DeCaL,208,2430986565,0.7106216286553517
UMLS,DistMult,DeCaL,208,694443915,0.6846837764746716
UMLS,DistMult,DeCaL,208,831769172,0.7055506988119414
UMLS,DistMult,DeCaL,260,1859447115,0.6938886511122307
UMLS,DistMult,DeCaL,260,2376066489,0.6847494838074246
UMLS,DistMult,DeCaL,260,2430986565,0.689316826417728
UMLS,DistMult,DeCaL,260,694443915,0.6697151081791776
UMLS,DistMult,DeCaL,260,831769172,0.7009727786233633
UMLS,DistMult,DeCaL,312,1859447115,0.6729524922825696
UMLS,DistMult,DeCaL,312,2376066489,0.672258146784407
UMLS,DistMult,DeCaL,312,2430986565,0.6693688869727072
UMLS,DistMult,DeCaL,312,694443915,0.6786667482743841
UMLS,DistMult,DeCaL,312,831769172,0.6905052018026255
UMLS,DistMult,DeCaL,365,1859447115,0.6617607414874271
UMLS,DistMult,DeCaL,365,2376066489,0.6513671912726471
UMLS,DistMult,DeCaL,365,2430986565,0.6588658480530274
UMLS,DistMult,DeCaL,365,694443915,0.6842288059539339
UMLS,DistMult,DeCaL,365,831769172,0.669451379510697
UMLS,DistMult,DeCaL,417,1859447115,0.6515113985833235
UMLS,DistMult,DeCaL,417,2376066489,0.6248872229098582
UMLS,DistMult,DeCaL,417,2430986565,0.6644316444874713
UMLS,DistMult,DeCaL,417,694443915,0.6654334195827517
UMLS,DistMult,DeCaL,417,831769172,0.6442886104624969
UMLS,DistMult,DeCaL,469,1859447115,0.6285619931055171
UMLS,DistMult,DeCaL,469,2376066489,0.6098007156243364
UMLS,DistMult,DeCaL,469,2430986565,0.671564855211772
UMLS,DistMult,DeCaL,469,694443915,0.6218753906894015
UMLS,DistMult,DeCaL,469,831769172,0.6410697373584752
UMLS,DistMult,DeCaL,52,1859447115,0.7631409793914258
UMLS,DistMult,DeCaL,52,2164385946,0.7338487479086622
UMLS,DistMult,DeCaL,52,2376066489,0.7488980341323074
UMLS,DistMult,DeCaL,52,2430986565,0.734255187414957
UMLS,DistMult,DeCaL,52,694443915,0.7666687073128917
UMLS,DistMult,DeCaL,52,831769172,0.7547013832296153
UMLS,DistMult,DeCaL,521,1859447115,0.4234041916402301
UMLS,DistMult,DeCaL,521,2376066489,0.45337155226658904
UMLS,DistMult,DeCaL,521,2430986565,0.6453161734725642
UMLS,DistMult,DeCaL,521,694443915,0.6147993405683134
UMLS,DistMult,DeCaL,521,831769172,0.62413802860903
UMLS,ComplEx,DistMult,104,101022850,0.8024145992044799
UMLS,ComplEx,DistMult,104,1466990855,0.7851132736830185
UMLS,ComplEx,DistMult,104,1859447115,0.7927318063773742
UMLS,ComplEx,DistMult,104,2164385946,0.8040958379129698
UMLS,ComplEx,DistMult,104,2376066489,0.8072579197054452
UMLS,ComplEx,DistMult,104,2430986565,0.770706845566465
UMLS,ComplEx,DistMult,104,3087940365,0.7960451119888566
UMLS,ComplEx,DistMult,104,636282949,0.7972689500624773
UMLS,ComplEx,DistMult,104,694443915,0.7767403134706182
UMLS,ComplEx,DistMult,104,831769172,0.7666838744230924
UMLS,ComplEx,DistMult,156,101022850,0.7659855534842186
UMLS,ComplEx,DistMult,156,1466990855,0.7828253648510627
UMLS,ComplEx,DistMult,156,1859447115,0.7606839038625742
UMLS,ComplEx,DistMult,156,2164385946,0.7757555877943163
UMLS,ComplEx,DistMult,156,2376066489,0.7880748266312421
UMLS,ComplEx,DistMult,156,2430986565,0.7509432151873999
UMLS,ComplEx,DistMult,156,3087940365,0.7831630493851518
UMLS,ComplEx,DistMult,156,636282949,0.7904510993449901
UMLS,ComplEx,DistMult,156,694443915,0.7750058774433762
UMLS,ComplEx,DistMult,156,831769172,0.749067884017588
UMLS,ComplEx,DistMult,208,101022850,0.7377068626582657
UMLS,ComplEx,DistMult,208,1466990855,0.7678561418677203
UMLS,ComplEx,DistMult,208,1859447115,0.7510165261281622
UMLS,ComplEx,DistMult,208,2164385946,0.7658470406591559
UMLS,ComplEx,DistMult,208,2376066489,0.7720775992193525
UMLS,ComplEx,DistMult,208,2430986565,0.7339166292554665
UMLS,ComplEx,DistMult,208,3087940365,0.7680258217329633
UMLS,ComplEx,DistMult,208,636282949,0.7578612847641143
UMLS,ComplEx,DistMult,208,694443915,0.7589889269920705
UMLS,ComplEx,DistMult,208,831769172,0.7352047640360672
UMLS,ComplEx,DistMult,260,101022850,0.7242285964829042
UMLS,ComplEx,DistMult,260,1466990855,0.7517867699024156
UMLS,ComplEx,DistMult,260,1859447115,0.7304217644351089
UMLS,ComplEx,DistMult,260,2164385946,0.746388548673668
UMLS,ComplEx,DistMult,260,2376066489,0.7404979987487655
UMLS,ComplEx,DistMult,260,2430986565,0.7137422093712869
UMLS,ComplEx,DistMult,260,3087940365,0.7333510017253104
UMLS,ComplEx,DistMult,260,636282949,0.759548933213787
UMLS,ComplEx,DistMult,260,694443915,0.7484170189269993
UMLS,ComplEx,DistMult,260,831769172,0.721794936366485
UMLS,ComplEx,DistMult,312,101022850,0.7188034933658257
UMLS,ComplEx,DistMult,312,1466990855,0.752320122117298
UMLS,ComplEx,DistMult,312,1859447115,0.7258089595348121
UMLS,ComplEx,DistMult,312,2164385946,0.7339777729581518
UMLS,ComplEx,DistMult,312,2376066489,0.7254296391386225
UMLS,ComplEx,DistMult,312,2430986565,0.6948712101839731
UMLS,ComplEx,DistMult,312,3087940365,0.7169519886905066
UMLS,ComplEx,DistMult,312,636282949,0.741157323911806
UMLS,ComplEx,DistMult,312,694443915,0.7276812375865795
UMLS,ComplEx,DistMult,312,831769172,0.7031323332326012
UMLS,ComplEx,DistMult,365,101022850,0.7154801243944555
UMLS,ComplEx,DistMult,365,1466990855,0.7402097256846294
UMLS,ComplEx,DistMult,365,1859447115,0.7193823378968291
UMLS,ComplEx,DistMult,365,2164385946,0.7003300883045224
UMLS,ComplEx,DistMult,365,2376066489,0.6996273863540848
UMLS,ComplEx,DistMult,365,2430986565,0.6809401138037884
UMLS,ComplEx,DistMult,365,3087940365,0.7025453585878074
UMLS,ComplEx,DistMult,365,636282949,0.7133224930308485
UMLS,ComplEx,DistMult,365,694443915,0.7144552800321468
UMLS,ComplEx,DistMult,365,831769172,0.6931993036702003
UMLS,ComplEx,DistMult,417,101022850,0.6828456133626802
UMLS,ComplEx,DistMult,417,1466990855,0.7132891360183785
UMLS,ComplEx,DistMult,417,1859447115,0.6934449425408215
UMLS,ComplEx,DistMult,417,2164385946,0.6824949916187886
UMLS,ComplEx,DistMult,417,2376066489,0.6915948495764077
UMLS,ComplEx,DistMult,417,2430986565,0.6799052362987545
UMLS,ComplEx,DistMult,417,3087940365,0.6865088004821133
UMLS,ComplEx,DistMult,417,636282949,0.6875903098763118
UMLS,ComplEx,DistMult,417,694443915,0.678899106671642
UMLS,ComplEx,DistMult,417,831769172,0.6754771801304914
UMLS,ComplEx,DistMult,469,101022850,0.6630768038971571
UMLS,ComplEx,DistMult,469,1466990855,0.7069341578988564
UMLS,ComplEx,DistMult,469,1859447115,0.6799068103957665
UMLS,ComplEx,DistMult,469,2164385946,0.6885540282506071
UMLS,ComplEx,DistMult,469,2376066489,0.6747269162444652
UMLS,ComplEx,DistMult,469,2430986565,0.6647284980661096
UMLS,ComplEx,DistMult,469,3087940365,0.6908513916982201
UMLS,ComplEx,DistMult,469,636282949,0.6603889391404535
UMLS,ComplEx,DistMult,469,694443915,0.6524831877815122
UMLS,ComplEx,DistMult,469,831769172,0.6680801547822038
UMLS,ComplEx,DistMult,52,101022850,0.8314288288744437
UMLS,ComplEx,DistMult,52,1466990855,0.8019714174449925
UMLS,ComplEx,DistMult,52,1859447115,0.8346078678676175
UMLS,ComplEx,DistMult,52,2164385946,0.8259082552239994
UMLS,ComplEx,DistMult,52,2376066489,0.8092188323163236
UMLS,ComplEx,DistMult,52,2430986565,0.8052935814307342
UMLS,ComplEx,DistMult,52,3087940365,0.8114631152856956
UMLS,ComplEx,DistMult,52,636282949,0.8253501452119888
UMLS,ComplEx,DistMult,52,694443915,0.7922008024584715
UMLS,ComplEx,DistMult,52,831769172,0.7889174903813576
UMLS,ComplEx,DistMult,521,101022850,0.4945090212272611
UMLS,ComplEx,DistMult,521,1466990855,0.4375310562117346
UMLS,ComplEx,DistMult,521,1859447115,0.5316096209121927
UMLS,ComplEx,DistMult,521,2164385946,0.5818321373339211
UMLS,ComplEx,DistMult,521,2376066489,0.6678939528523462
UMLS,ComplEx,DistMult,521,2430986565,0.5022837748677048
UMLS,ComplEx,DistMult,521,3087940365,0.31397727297837386
UMLS,ComplEx,DistMult,521,636282949,0.655540442134398
UMLS,ComplEx,DistMult,521,694443915,0.6428423918389057
UMLS,ComplEx,DistMult,521,831769172,0.40675503618648295
UMLS,ComplEx,ComplEx,104,101022850,0.7892085380301852
UMLS,ComplEx,ComplEx,104,1466990855,0.7719475900134177
UMLS,ComplEx,ComplEx,104,1859447115,0.8063743514136925
UMLS,ComplEx,ComplEx,104,2164385946,0.798480408147491
UMLS,ComplEx,ComplEx,104,2376066489,0.7872213177521257
UMLS,ComplEx,ComplEx,104,2430986565,0.7830913530957416
UMLS,ComplEx,ComplEx,104,3087940365,0.8007286889398743
UMLS,ComplEx,ComplEx,104,636282949,0.7822353650385924
UMLS,ComplEx,ComplEx,104,694443915,0.7660715569428749
UMLS,ComplEx,ComplEx,104,831769172,0.7796366168276787
UMLS,ComplEx,ComplEx,156,101022850,0.7742316472914255
UMLS,ComplEx,ComplEx,156,1466990855,0.7467987789677064
UMLS,ComplEx,ComplEx,156,1859447115,0.7697937577602979
UMLS,ComplEx,ComplEx,156,2164385946,0.7653444943839438
UMLS,ComplEx,ComplEx,156,2376066489,0.7568863152749471
UMLS,ComplEx,ComplEx,156,2430986565,0.7681530284556412
UMLS,ComplEx,ComplEx,156,3087940365,0.7647364850015128
UMLS,ComplEx,ComplEx,156,636282949,0.7585951437021707
UMLS,ComplEx,ComplEx,156,694443915,0.7511620340969671
UMLS,ComplEx,ComplEx,156,831769172,0.7624125585101147
UMLS,ComplEx,ComplEx,208,101022850,0.749242033718687
UMLS,ComplEx,ComplEx,208,1466990855,0.7386348788288126
UMLS,ComplEx,ComplEx,208,1859447115,0.7383221262235393
UMLS,ComplEx,ComplEx,208,2164385946,0.7324450220481533
UMLS,ComplEx,ComplEx,208,2376066489,0.7318925754791437
UMLS,ComplEx,ComplEx,208,2430986565,0.7353938124238935
UMLS,ComplEx,ComplEx,208,3087940365,0.7433620886703718
UMLS,ComplEx,ComplEx,208,636282949,0.7406714561224734
UMLS,ComplEx,ComplEx,208,694443915,0.7430757823297836
UMLS,ComplEx,ComplEx,208,831769172,0.7307953379539981
UMLS,ComplEx,ComplEx,260,101022850,0.7041053223771698
UMLS,ComplEx,ComplEx,260,1466990855,0.7132627875789189
UMLS,ComplEx,ComplEx,260,1859447115,0.711536061948559
UMLS,ComplEx,ComplEx,260,2164385946,0.7277521087425763
UMLS,ComplEx,ComplEx,260,2376066489,0.7148220835317621
UMLS,ComplEx,ComplEx,260,2430986565,0.7157701600887588
UMLS,ComplEx,ComplEx,260,3087940365,0.7281566204953085
UMLS,ComplEx,ComplEx,260,636282949,0.7077230945185737
UMLS,ComplEx,ComplEx,260,694443915,0.7235785300875675
UMLS,ComplEx,ComplEx,260,831769172,0.7192829891515278
UMLS,ComplEx,ComplEx,312,101022850,0.7055794790040193
UMLS,ComplEx,ComplEx,312,1466990855,0.7040063463571749
UMLS,ComplEx,ComplEx,312,1859447115,0.691575820180175
UMLS,ComplEx,ComplEx,312,2164385946,0.6930981408205147
UMLS,ComplEx,ComplEx,312,2376066489,0.6926758682225781
UMLS,ComplEx,ComplEx,312,2430986565,0.7040066348388303
UMLS,ComplEx,ComplEx,312,3087940365,0.6951575532029188
UMLS,ComplEx,ComplEx,312,636282949,0.6888335722125498
UMLS,ComplEx,ComplEx,312,694443915,0.694995859522065
UMLS,ComplEx,ComplEx,312,831769172,0.7059121111066504
UMLS,ComplEx,ComplEx,365,101022850,0.6754411213437352
UMLS,ComplEx,ComplEx,365,1466990855,0.6736285936718946
UMLS,ComplEx,ComplEx,365,1859447115,0.6946800867187197
UMLS,ComplEx,ComplEx,365,2164385946,0.6771549703251055
UMLS,ComplEx,ComplEx,365,2376066489,0.6770676154161944
UMLS,ComplEx,ComplEx,365,2430986565,0.6802621026830875
UMLS,ComplEx,ComplEx,365,3087940365,0.6881713783107006
UMLS,ComplEx,ComplEx,365,636282949,0.6768796619447555
UMLS,ComplEx,ComplEx,365,694443915,0.669237410564704
UMLS,ComplEx,ComplEx,365,831769172,0.6987951112830284
UMLS,ComplEx,ComplEx,417,101022850,0.6639217793966571
UMLS,ComplEx,ComplEx,417,1466990855,0.656328181124052
UMLS,ComplEx,ComplEx,417,1859447115,0.6878509118089556
UMLS,ComplEx,ComplEx,417,2164385946,0.6571926178518902
UMLS,ComplEx,ComplEx,417,2376066489,0.6588455335752712
UMLS,ComplEx,ComplEx,417,2430986565,0.6707236113453955
UMLS,ComplEx,ComplEx,417,3087940365,0.6708892584935379
UMLS,ComplEx,ComplEx,417,636282949,0.6545138310934072
UMLS,ComplEx,ComplEx,417,694443915,0.6510624839629383
UMLS,ComplEx,ComplEx,417,831769172,0.6811082275837435
UMLS,ComplEx,ComplEx,469,101022850,0.6731386359551101
UMLS,ComplEx,ComplEx,469,1466990855,0.6356036112675844
UMLS,ComplEx,ComplEx,469,1859447115,0.6620123794171343
UMLS,ComplEx,ComplEx,469,2164385946,0.6500865411558178
UMLS,ComplEx,ComplEx,469,2376066489,0.6412148353099599
UMLS,ComplEx,ComplEx,469,2430986565,0.6205964829182615
UMLS,ComplEx,ComplEx,469,3087940365,0.6549218699089815
UMLS,ComplEx,ComplEx,469,636282949,0.6467306689911535
UMLS,ComplEx,ComplEx,469,694443915,0.6351429587673643
UMLS,ComplEx,ComplEx,469,831769172,0.6589349133991987
UMLS,ComplEx,ComplEx,52,101022850,0.8298194310722363
UMLS,ComplEx,ComplEx,52,1466990855,0.8081891762450468
UMLS,ComplEx,ComplEx,52,1859447115,0.8382734632673519
UMLS,ComplEx,ComplEx,52,2164385946,0.8159153778119221
UMLS,ComplEx,ComplEx,52,2376066489,0.8129858137685639
UMLS,ComplEx,ComplEx,52,2430986565,0.8015096771166169
UMLS,ComplEx,ComplEx,52,3087940365,0.8089814834924689
UMLS,ComplEx,ComplEx,52,636282949,0.8134624391535854
UMLS,ComplEx,ComplEx,52,694443915,0.7992967004980417
UMLS,ComplEx,ComplEx,52,831769172,0.8039686691258491
UMLS,ComplEx,ComplEx,521,101022850,0.6576869640119736
UMLS,ComplEx,ComplEx,521,1466990855,0.6169104486033733
UMLS,ComplEx,ComplEx,521,1859447115,0.49781237913586024
UMLS,ComplEx,ComplEx,521,2164385946,0.49355430086751323
UMLS,ComplEx,ComplEx,521,2376066489,0.63020528866074
UMLS,ComplEx,ComplEx,521,2430986565,0.49951304174883593
UMLS,ComplEx,ComplEx,521,3087940365,0.48849582288493054
UMLS,ComplEx,ComplEx,521,636282949,0.5736678370233916
UMLS,ComplEx,ComplEx,521,694443915,0.4818308419506474
UMLS,ComplEx,ComplEx,521,831769172,0.585695412621939
UMLS,ComplEx,QMult,104,101022850,0.7763517519064275
UMLS,ComplEx,QMult,104,1466990855,0.7711757751914096
UMLS,ComplEx,QMult,104,1859447115,0.7820297713508036
UMLS,ComplEx,QMult,104,2164385946,0.7886937016010048
UMLS,ComplEx,QMult,104,2376066489,0.7929972911269657
UMLS,ComplEx,QMult,104,2430986565,0.7921825811786248
UMLS,ComplEx,QMult,104,3087940365,0.7807182806363713
UMLS,ComplEx,QMult,104,636282949,0.7811033352610959
UMLS,ComplEx,QMult,104,694443915,0.7760630422659918
UMLS,ComplEx,QMult,104,831769172,0.778241049951745
UMLS,ComplEx,QMult,156,101022850,0.746675160438408
UMLS,ComplEx,QMult,156,1466990855,0.7344512878815319
UMLS,ComplEx,QMult,156,1859447115,0.76489867595249
UMLS,ComplEx,QMult,156,2164385946,0.7677814111472242
UMLS,ComplEx,QMult,156,2376066489,0.757665113526693
UMLS,ComplEx,QMult,156,2430986565,0.7739934663178483
UMLS,ComplEx,QMult,156,3087940365,0.7586565518275894
UMLS,ComplEx,QMult,156,636282949,0.7556084924602803
UMLS,ComplEx,QMult,156,694443915,0.7610417314202875
UMLS,ComplEx,QMult,156,831769172,0.761682718082742
UMLS,ComplEx,QMult,208,101022850,0.7233720194097528
UMLS,ComplEx,QMult,208,1466990855,0.7270242851961717
UMLS,ComplEx,QMult,208,1859447115,0.7492522108107896
UMLS,ComplEx,QMult,208,2164385946,0.7543795606766306
UMLS,ComplEx,QMult,208,2376066489,0.736033875229234
UMLS,ComplEx,QMult,208,2430986565,0.7486538740901287
UMLS,ComplEx,QMult,208,3087940365,0.7419028393797564
UMLS,ComplEx,QMult,208,636282949,0.7181920240203028
UMLS,ComplEx,QMult,208,694443915,0.7269898061852054
UMLS,ComplEx,QMult,208,831769172,0.7323410633595987
UMLS,ComplEx,QMult,260,101022850,0.691188387487611
UMLS,ComplEx,QMult,260,1466990855,0.7117839686750044
UMLS,ComplEx,QMult,260,1859447115,0.7196578154808976
UMLS,ComplEx,QMult,260,2164385946,0.7200241647062414
UMLS,ComplEx,QMult,260,2376066489,0.7246510769879034
UMLS,ComplEx,QMult,260,2430986565,0.7402619727214872
UMLS,ComplEx,QMult,260,3087940365,0.7142735776509646
UMLS,ComplEx,QMult,260,636282949,0.7220444228532906
UMLS,ComplEx,QMult,260,694443915,0.7189876752704535
UMLS,ComplEx,QMult,260,831769172,0.7159294715078696
UMLS,ComplEx,QMult,312,101022850,0.6672936026721247
UMLS,ComplEx,QMult,312,1466990855,0.7026733687521176
UMLS,ComplEx,QMult,312,1859447115,0.6833628049395696
UMLS,ComplEx,QMult,312,2164385946,0.7211995731111979
UMLS,ComplEx,QMult,312,2376066489,0.7029175197627481
UMLS,ComplEx,QMult,312,2430986565,0.7234876731415893
UMLS,ComplEx,QMult,312,3087940365,0.6884298007874232
UMLS,ComplEx,QMult,312,636282949,0.7226086645353966
UMLS,ComplEx,QMult,312,694443915,0.6993459776849451
UMLS,ComplEx,QMult,312,831769172,0.7070823502857359
UMLS,ComplEx,QMult,365,101022850,0.6720190905566277
UMLS,ComplEx,QMult,365,1466990855,0.6857562020403138
UMLS,ComplEx,QMult,365,1859447115,0.6862007844741598
UMLS,ComplEx,QMult,365,2164385946,0.6997036536726197
UMLS,ComplEx,QMult,365,2376066489,0.6710460064145757
UMLS,ComplEx,QMult,365,2430986565,0.6980733282127332
UMLS,ComplEx,QMult,365,3087940365,0.6746389001440981
UMLS,ComplEx,QMult,365,636282949,0.6955164216159277
UMLS,ComplEx,QMult,365,694443915,0.6709515068022424
UMLS,ComplEx,QMult,365,831769172,0.6787734162080837
UMLS,ComplEx,QMult,417,101022850,0.642834911209233
UMLS,ComplEx,QMult,417,1466990855,0.666780433401909
UMLS,ComplEx,QMult,417,1859447115,0.6665697920598062
UMLS,ComplEx,QMult,417,2164385946,0.6792482660096616
UMLS,ComplEx,QMult,417,2376066489,0.6683298234051186
UMLS,ComplEx,QMult,417,2430986565,0.6778726341728052
UMLS,ComplEx,QMult,417,3087940365,0.6594894566802411
UMLS,ComplEx,QMult,417,636282949,0.670735115897312
UMLS,ComplEx,QMult,417,694443915,0.6558775589607874
UMLS,ComplEx,QMult,417,831769172,0.6705504557751922
UMLS,ComplEx,QMult,469,101022850,0.6255252612691623
UMLS,ComplEx,QMult,469,1466990855,0.6499919757074428
UMLS,ComplEx,QMult,469,1859447115,0.4974664117915861
UMLS,ComplEx,QMult,469,2164385946,0.6565793296459298
UMLS,ComplEx,QMult,469,2376066489,0.6339356617798866
UMLS,ComplEx,QMult,469,2430986565,0.6745999157384552
UMLS,ComplEx,QMult,469,3087940365,0.6473472492400181
UMLS,ComplEx,QMult,469,636282949,0.6644755646461171
UMLS,ComplEx,QMult,469,694443915,0.6443651001511767
UMLS,ComplEx,QMult,469,831769172,0.6613348844603031
UMLS,ComplEx,QMult,52,101022850,0.8119645640903922
UMLS,ComplEx,QMult,52,1466990855,0.8120134870405998
UMLS,ComplEx,QMult,52,1859447115,0.8176186443233915
UMLS,ComplEx,QMult,52,2164385946,0.8072338015159474
UMLS,ComplEx,QMult,52,2376066489,0.815705222206521
UMLS,ComplEx,QMult,52,2430986565,0.8223156330039383
UMLS,ComplEx,QMult,52,3087940365,0.81490935024133
UMLS,ComplEx,QMult,52,636282949,0.7935844446544208
UMLS,ComplEx,QMult,52,694443915,0.8113643540627286
UMLS,ComplEx,QMult,52,831769172,0.8034572278036723
UMLS,ComplEx,QMult,521,101022850,0.35700960636537005
UMLS,ComplEx,QMult,521,1466990855,0.409812334090602
UMLS,ComplEx,QMult,521,1859447115,0.6227379305328571
UMLS,ComplEx,QMult,521,2164385946,0.4445480475575569
UMLS,ComplEx,QMult,521,2376066489,0.5583294201168257
UMLS,ComplEx,QMult,521,2430986565,0.36605197949540763
UMLS,ComplEx,QMult,521,3087940365,0.6262078780450113
UMLS,ComplEx,QMult,521,636282949,0.6510304760572663
UMLS,ComplEx,QMult,521,694443915,0.5670284946426177
UMLS,ComplEx,QMult,521,831769172,0.5668868508153785
UMLS,ComplEx,DeCaL,104,1859447115,0.7976787975453549
UMLS,ComplEx,DeCaL,104,2164385946,0.80400736809662
UMLS,ComplEx,DeCaL,104,2376066489,0.7921295494322392
UMLS,ComplEx,DeCaL,104,2430986565,0.7878127906144198
UMLS,ComplEx,DeCaL,104,694443915,0.7986735190285356
UMLS,ComplEx,DeCaL,104,831769172,0.7889021421950053
UMLS,ComplEx,DeCaL,156,1859447115,0.7703846857849633
UMLS,ComplEx,DeCaL,156,2164385946,0.7692785344980972
UMLS,ComplEx,DeCaL,156,2376066489,0.7754249687045379
UMLS,ComplEx,DeCaL,156,2430986565,0.7782209906014268
UMLS,ComplEx,DeCaL,156,694443915,0.7686117636848164
UMLS,ComplEx,DeCaL,156,831769172,0.7753950212360794
UMLS,ComplEx,DeCaL,208,1859447115,0.7426764781780367
UMLS,ComplEx,DeCaL,208,2376066489,0.773607471251493
UMLS,ComplEx,DeCaL,208,2430986565,0.761165475279038
UMLS,ComplEx,DeCaL,208,694443915,0.7666169905622777
UMLS,ComplEx,DeCaL,208,831769172,0.7650649410096917
UMLS,ComplEx,DeCaL,260,1859447115,0.733726683177024
UMLS,ComplEx,DeCaL,260,2376066489,0.747295794217033
UMLS,ComplEx,DeCaL,260,2430986565,0.7501119769040271
UMLS,ComplEx,DeCaL,260,694443915,0.7252448662686011
UMLS,ComplEx,DeCaL,260,831769172,0.728193800190192
UMLS,ComplEx,DeCaL,312,1859447115,0.718633477197548
UMLS,ComplEx,DeCaL,312,2376066489,0.7219660159583389
UMLS,ComplEx,DeCaL,312,2430986565,0.7282728657205283
UMLS,ComplEx,DeCaL,312,694443915,0.7330836472465947
UMLS,ComplEx,DeCaL,312,831769172,0.7229123687869486
UMLS,ComplEx,DeCaL,365,1859447115,0.7081623194125036
UMLS,ComplEx,DeCaL,365,2376066489,0.7070322257240043
UMLS,ComplEx,DeCaL,365,2430986565,0.726841407465551
UMLS,ComplEx,DeCaL,365,694443915,0.6961661223077431
UMLS,ComplEx,DeCaL,365,831769172,0.7108447048770834
UMLS,ComplEx,DeCaL,417,1859447115,0.7067020619684523
UMLS,ComplEx,DeCaL,417,2376066489,0.6996257115760803
UMLS,ComplEx,DeCaL,417,2430986565,0.710685115051579
UMLS,ComplEx,DeCaL,417,694443915,0.6816279857595452
UMLS,ComplEx,DeCaL,417,831769172,0.7026659782022179
UMLS,ComplEx,DeCaL,469,1859447115,0.6922989190104138
UMLS,ComplEx,DeCaL,469,2376066489,0.6782326420090886
UMLS,ComplEx,DeCaL,469,2430986565,0.6974275080291087
UMLS,ComplEx,DeCaL,469,694443915,0.6889713660620379
UMLS,ComplEx,DeCaL,469,831769172,0.6943306012484598
UMLS,ComplEx,DeCaL,52,1859447115,0.8188491041822756
UMLS,ComplEx,DeCaL,52,2164385946,0.8269889076335164
UMLS,ComplEx,DeCaL,52,2376066489,0.8224610896501995
UMLS,ComplEx,DeCaL,52,2430986565,0.8216023021775174
UMLS,ComplEx,DeCaL,52,694443915,0.813668620211293
UMLS,ComplEx,DeCaL,52,831769172,0.7861387631301987
UMLS,ComplEx,DeCaL,521,1859447115,0.4214316202033855
UMLS,ComplEx,DeCaL,521,2376066489,0.5340502970635223
UMLS,ComplEx,DeCaL,521,2430986565,0.6855041986833266
UMLS,ComplEx,DeCaL,521,694443915,0.6702532752414361
UMLS,ComplEx,DeCaL,521,831769172,0.6783812052963478
UMLS,QMult,DistMult,104,101022850,0.7685773976098617
UMLS,QMult,DistMult,104,1466990855,0.7773481917690227
UMLS,QMult,DistMult,104,1859447115,0.7488936768338722
UMLS,QMult,DistMult,104,2164385946,0.774768271076504
UMLS,QMult,DistMult,104,2376066489,0.7814447518924458
UMLS,QMult,DistMult,104,2430986565,0.7474853379353696
UMLS,QMult,DistMult,104,3087940365,0.752554597958628
UMLS,QMult,DistMult,104,636282949,0.7651481314670306
UMLS,QMult,DistMult,104,694443915,0.7669293903471294
UMLS,QMult,DistMult,104,831769172,0.7851574632797177
UMLS,QMult,DistMult,156,101022850,0.74300249123598
UMLS,QMult,DistMult,156,1466990855,0.746693039617951
UMLS,QMult,DistMult,156,1859447115,0.7303911240791622
UMLS,QMult,DistMult,156,2164385946,0.7396485207066005
UMLS,QMult,DistMult,156,2376066489,0.7596898846983857
UMLS,QMult,DistMult,156,2430986565,0.7350193287382034
UMLS,QMult,DistMult,156,3087940365,0.7458998877860731
UMLS,QMult,DistMult,156,636282949,0.7430416981830892
UMLS,QMult,DistMult,156,694443915,0.7410426286927867
UMLS,QMult,DistMult,156,831769172,0.7458991664034742
UMLS,QMult,DistMult,208,101022850,0.7213966859315126
UMLS,QMult,DistMult,208,1466990855,0.7329045334224201
UMLS,QMult,DistMult,208,1859447115,0.7277985842464472
UMLS,QMult,DistMult,208,2164385946,0.7388111479620373
UMLS,QMult,DistMult,208,2376066489,0.74672065397424
UMLS,QMult,DistMult,208,2430986565,0.7193091600924866
UMLS,QMult,DistMult,208,3087940365,0.7272398066900742
UMLS,QMult,DistMult,208,636282949,0.7347962960078629
UMLS,QMult,DistMult,208,694443915,0.7277817783888146
UMLS,QMult,DistMult,208,831769172,0.7335470726238381
UMLS,QMult,DistMult,260,101022850,0.6949225543632741
UMLS,QMult,DistMult,260,1466990855,0.7118996640522265
UMLS,QMult,DistMult,260,1859447115,0.7204555338084287
UMLS,QMult,DistMult,260,2164385946,0.7093933292958838
UMLS,QMult,DistMult,260,2376066489,0.7328163892115184
UMLS,QMult,DistMult,260,2430986565,0.700334341381497
UMLS,QMult,DistMult,260,3087940365,0.6938243594561553
UMLS,QMult,DistMult,260,636282949,0.7268465348588455
UMLS,QMult,DistMult,260,694443915,0.7123515259723422
UMLS,QMult,DistMult,260,831769172,0.7034265670511286
UMLS,QMult,DistMult,312,101022850,0.6909686107178901
UMLS,QMult,DistMult,312,1466990855,0.7176187953573776
UMLS,QMult,DistMult,312,1859447115,0.6838036515757455
UMLS,QMult,DistMult,312,2164385946,0.6920590212331312
UMLS,QMult,DistMult,312,2376066489,0.7149366360273283
UMLS,QMult,DistMult,312,2430986565,0.6697157037435368
UMLS,QMult,DistMult,312,3087940365,0.6770844578159476
UMLS,QMult,DistMult,312,636282949,0.7002662220756881
UMLS,QMult,DistMult,312,694443915,0.6996158420211127
UMLS,QMult,DistMult,312,831769172,0.6696835370226343
UMLS,QMult,DistMult,365,101022850,0.6617167639055557
UMLS,QMult,DistMult,365,1466990855,0.7039946041589302
UMLS,QMult,DistMult,365,1859447115,0.6626443297583008
UMLS,QMult,DistMult,365,2164385946,0.6749495068622547
UMLS,QMult,DistMult,365,2376066489,0.703400212382813
UMLS,QMult,DistMult,365,2430986565,0.6465144784543203
UMLS,QMult,DistMult,365,3087940365,0.679852705145659
UMLS,QMult,DistMult,365,636282949,0.6725601227858328
UMLS,QMult,DistMult,365,694443915,0.6875532911613597
UMLS,QMult,DistMult,365,831769172,0.6607877203961714
UMLS,QMult,DistMult,417,101022850,0.6421706419796112
UMLS,QMult,DistMult,417,1466990855,0.7049126216803843
UMLS,QMult,DistMult,417,1859447115,0.6530158553553902
UMLS,QMult,DistMult,417,2164385946,0.6684942539956055
UMLS,QMult,DistMult,417,2376066489,0.6781832330384409
UMLS,QMult,DistMult,417,2430986565,0.637573369757466
UMLS,QMult,DistMult,417,3087940365,0.6588427571100886
UMLS,QMult,DistMult,417,636282949,0.657361722196614
UMLS,QMult,DistMult,417,694443915,0.6643644383879944
UMLS,QMult,DistMult,417,831769172,0.6416542893077772
UMLS,QMult,DistMult,469,101022850,0.62203810198734
UMLS,QMult,DistMult,469,1466990855,0.6614566854159938
UMLS,QMult,DistMult,469,1859447115,0.630265158989572
UMLS,QMult,DistMult,469,2164385946,0.6377437030665437
UMLS,QMult,DistMult,469,2376066489,0.6652785445987494
UMLS,QMult,DistMult,469,2430986565,0.6139913531979133
UMLS,QMult,DistMult,469,3087940365,0.6573107155697859
UMLS,QMult,DistMult,469,636282949,0.6326910073502495
UMLS,QMult,DistMult,469,694443915,0.6540744012407719
UMLS,QMult,DistMult,469,831769172,0.6330616075458213
UMLS,QMult,DistMult,52,101022850,0.7955784518269301
UMLS,QMult,DistMult,52,1466990855,0.8032863716752763
UMLS,QMult,DistMult,52,1859447115,0.7801653523282489
UMLS,QMult,DistMult,52,2164385946,0.7859468713104695
UMLS,QMult,DistMult,52,2376066489,0.8035036546116444
UMLS,QMult,DistMult,52,2430986565,0.7800576907134141
UMLS,QMult,DistMult,52,3087940365,0.7642431211558068
UMLS,QMult,DistMult,52,636282949,0.7767054526239124
UMLS,QMult,DistMult,52,694443915,0.783570255964774
UMLS,QMult,DistMult,52,831769172,0.8234702383992021
UMLS,QMult,DistMult,521,101022850,0.4980331113254428
UMLS,QMult,DistMult,521,1466990855,0.4023168133480356
UMLS,QMult,DistMult,521,1859447115,0.5092823194979768
UMLS,QMult,DistMult,521,2164385946,0.5342014342332365
UMLS,QMult,DistMult,521,2376066489,0.6330074490688749
UMLS,QMult,DistMult,521,2430986565,0.5123002800995902
UMLS,QMult,DistMult,521,3087940365,0.25559039777394355
UMLS,QMult,DistMult,521,636282949,0.6180331538530346
UMLS,QMult,DistMult,521,694443915,0.6442333510530055
UMLS,QMult,DistMult,521,831769172,0.40310444937394346
UMLS,QMult,ComplEx,104,101022850,0.7319731325076582
UMLS,QMult,ComplEx,104,1466990855,0.7926551330437009
UMLS,QMult,ComplEx,104,1859447115,0.7557277694348519
UMLS,QMult,ComplEx,104,2164385946,0.7555731658583915
UMLS,QMult,ComplEx,104,2376066489,0.7742325137907323
UMLS,QMult,ComplEx,104,2430986565,0.752296337454418
UMLS,QMult,ComplEx,104,3087940365,0.7539572087950046
UMLS,QMult,ComplEx,104,636282949,0.7664502817483243
UMLS,QMult,ComplEx,104,694443915,0.781941819493416
UMLS,QMult,ComplEx,104,831769172,0.7717864438105876
UMLS,QMult,ComplEx,156,101022850,0.7475491033675721
UMLS,QMult,ComplEx,156,1466990855,0.7604601890451884
UMLS,QMult,ComplEx,156,1859447115,0.7389481480940929
UMLS,QMult,ComplEx,156,2164385946,0.7144619759581377
UMLS,QMult,ComplEx,156,2376066489,0.7538281516758587
UMLS,QMult,ComplEx,156,2430986565,0.7289545241109194
UMLS,QMult,ComplEx,156,3087940365,0.7306109095534599
UMLS,QMult,ComplEx,156,636282949,0.7397066851863933
UMLS,QMult,ComplEx,156,694443915,0.7577957893848625
UMLS,QMult,ComplEx,156,831769172,0.7447723239613836
UMLS,QMult,ComplEx,208,101022850,0.7087096850330672
UMLS,QMult,ComplEx,208,1466990855,0.7215090249916579
UMLS,QMult,ComplEx,208,1859447115,0.7013242231077762
UMLS,QMult,ComplEx,208,2164385946,0.7012768689203703
UMLS,QMult,ComplEx,208,2376066489,0.7202508958104322
UMLS,QMult,ComplEx,208,2430986565,0.6940856473314932
UMLS,QMult,ComplEx,208,3087940365,0.7161346325073427
UMLS,QMult,ComplEx,208,636282949,0.7175631223471398
UMLS,QMult,ComplEx,208,694443915,0.7325268247429678
UMLS,QMult,ComplEx,208,831769172,0.7219418972064248
UMLS,QMult,ComplEx,260,101022850,0.6823920065269133
UMLS,QMult,ComplEx,260,1466990855,0.7064267273943627
UMLS,QMult,ComplEx,260,1859447115,0.6969879431160896
UMLS,QMult,ComplEx,260,2164385946,0.6966620784718497
UMLS,QMult,ComplEx,260,2376066489,0.6960124336035529
UMLS,QMult,ComplEx,260,2430986565,0.6912091743230114
UMLS,QMult,ComplEx,260,3087940365,0.6816952433758241
UMLS,QMult,ComplEx,260,636282949,0.6955981221303521
UMLS,QMult,ComplEx,260,694443915,0.7186919144773555
UMLS,QMult,ComplEx,260,831769172,0.6954420701050222
UMLS,QMult,ComplEx,312,101022850,0.6659144563065588
UMLS,QMult,ComplEx,312,1466990855,0.6713922091283178
UMLS,QMult,ComplEx,312,1859447115,0.673856539141284
UMLS,QMult,ComplEx,312,2164385946,0.6794668230643796
UMLS,QMult,ComplEx,312,2376066489,0.6772099340489581
UMLS,QMult,ComplEx,312,2430986565,0.678412387219952
UMLS,QMult,ComplEx,312,3087940365,0.6820808946237569
UMLS,QMult,ComplEx,312,636282949,0.6756678265082473
UMLS,QMult,ComplEx,312,694443915,0.6898967258016998
UMLS,QMult,ComplEx,312,831769172,0.6805882250730544
UMLS,QMult,ComplEx,365,101022850,0.6491374534981464
UMLS,QMult,ComplEx,365,1466990855,0.6614020869838291
UMLS,QMult,ComplEx,365,1859447115,0.6532635680869334
UMLS,QMult,ComplEx,365,2164385946,0.6558100313285672
UMLS,QMult,ComplEx,365,2376066489,0.6406755596148871
UMLS,QMult,ComplEx,365,2430986565,0.6404997297096409
UMLS,QMult,ComplEx,365,3087940365,0.6593655214885327
UMLS,QMult,ComplEx,365,636282949,0.6532876176460638
UMLS,QMult,ComplEx,365,694443915,0.6601171349523837
UMLS,QMult,ComplEx,365,831769172,0.6558819211447366
UMLS,QMult,ComplEx,417,101022850,0.6383516214126109
UMLS,QMult,ComplEx,417,1466990855,0.6570332794379418
UMLS,QMult,ComplEx,417,1859447115,0.6387998150990885
UMLS,QMult,ComplEx,417,2164385946,0.6535334478263941
UMLS,QMult,ComplEx,417,2376066489,0.6358975116567778
UMLS,QMult,ComplEx,417,2430986565,0.6347603329315005
UMLS,QMult,ComplEx,417,3087940365,0.6445403256593547
UMLS,QMult,ComplEx,417,636282949,0.6288505874530599
UMLS,QMult,ComplEx,417,694443915,0.6490367793894516
UMLS,QMult,ComplEx,417,831769172,0.6228788995725496
UMLS,QMult,ComplEx,469,101022850,0.6099804128684909
UMLS,QMult,ComplEx,469,1466990855,0.6352914419280836
UMLS,QMult,ComplEx,469,1859447115,0.6284509800956785
UMLS,QMult,ComplEx,469,2164385946,0.6378647838856552
UMLS,QMult,ComplEx,469,2376066489,0.6115486257101121
UMLS,QMult,ComplEx,469,2430986565,0.6024651432134062
UMLS,QMult,ComplEx,469,3087940365,0.6250347216295877
UMLS,QMult,ComplEx,469,636282949,0.5989665877169521
UMLS,QMult,ComplEx,469,694443915,0.6278506308166393
UMLS,QMult,ComplEx,469,831769172,0.6231235716711901
UMLS,QMult,ComplEx,52,101022850,0.78107740758184
UMLS,QMult,ComplEx,52,1466990855,0.8135190699600354
UMLS,QMult,ComplEx,52,1859447115,0.7866281040197813
UMLS,QMult,ComplEx,52,2164385946,0.7893411469318015
UMLS,QMult,ComplEx,52,2376066489,0.8031781749859471
UMLS,QMult,ComplEx,52,2430986565,0.7680483950976532
UMLS,QMult,ComplEx,52,3087940365,0.785752039020776
UMLS,QMult,ComplEx,52,636282949,0.7810008641135285
UMLS,QMult,ComplEx,52,694443915,0.7973233364703843
UMLS,QMult,ComplEx,52,831769172,0.8077558064168566
UMLS,QMult,ComplEx,521,101022850,0.6030111664646974
UMLS,QMult,ComplEx,521,1466990855,0.616243016749551
UMLS,QMult,ComplEx,521,1859447115,0.4874070666469319
UMLS,QMult,ComplEx,521,2164385946,0.4224969352696874
UMLS,QMult,ComplEx,521,2376066489,0.6132742781103746
UMLS,QMult,ComplEx,521,2430986565,0.4398891091912895
UMLS,QMult,ComplEx,521,3087940365,0.37790484710148087
UMLS,QMult,ComplEx,521,636282949,0.5530078551210434
UMLS,QMult,ComplEx,521,694443915,0.41673862682767804
UMLS,QMult,ComplEx,521,831769172,0.533563317741925
UMLS,QMult,QMult,104,101022850,0.7586330032683829
UMLS,QMult,QMult,104,1466990855,0.7649617072055571
UMLS,QMult,QMult,104,1859447115,0.7652756230400724
UMLS,QMult,QMult,104,2164385946,0.7446925742209212
UMLS,QMult,QMult,104,2376066489,0.7712815322284953
UMLS,QMult,QMult,104,2430986565,0.7674205539870763
UMLS,QMult,QMult,104,3087940365,0.7657221004289437
UMLS,QMult,QMult,104,636282949,0.7546084303525359
UMLS,QMult,QMult,104,694443915,0.7747501853323178
UMLS,QMult,QMult,104,831769172,0.7853518636636565
UMLS,QMult,QMult,156,101022850,0.7328517078668926
UMLS,QMult,QMult,156,1466990855,0.7368693941190704
UMLS,QMult,QMult,156,1859447115,0.7230413936201924
UMLS,QMult,QMult,156,2164385946,0.7139213599672707
UMLS,QMult,QMult,156,2376066489,0.7517253241885676
UMLS,QMult,QMult,156,2430986565,0.7766684374980053
UMLS,QMult,QMult,156,3087940365,0.712645905607317
UMLS,QMult,QMult,156,636282949,0.7366116826112065
UMLS,QMult,QMult,156,694443915,0.7390725304499818
UMLS,QMult,QMult,156,831769172,0.772864727071199
UMLS,QMult,QMult,208,101022850,0.6849917493034943
UMLS,QMult,QMult,208,1466990855,0.7041689001235606
UMLS,QMult,QMult,208,1859447115,0.6965674507449487
UMLS,QMult,QMult,208,2164385946,0.7064306472811887
UMLS,QMult,QMult,208,2376066489,0.7255884441380669
UMLS,QMult,QMult,208,2430986565,0.7302082169563681
UMLS,QMult,QMult,208,3087940365,0.7048218374204573
UMLS,QMult,QMult,208,636282949,0.728709100391138
UMLS,QMult,QMult,208,694443915,0.7083117393943004
UMLS,QMult,QMult,208,831769172,0.7439098961157069
UMLS,QMult,QMult,260,101022850,0.6514283276210829
UMLS,QMult,QMult,260,1466990855,0.6810996372388485
UMLS,QMult,QMult,260,1859447115,0.6715073651252496
UMLS,QMult,QMult,260,2164385946,0.6957591366246983
UMLS,QMult,QMult,260,2376066489,0.7107948091757591
UMLS,QMult,QMult,260,2430986565,0.7065243873626751
UMLS,QMult,QMult,260,3087940365,0.67932332440073
UMLS,QMult,QMult,260,636282949,0.7054592629503134
UMLS,QMult,QMult,260,694443915,0.6821527212929217
UMLS,QMult,QMult,260,831769172,0.7150754303941758
UMLS,QMult,QMult,312,101022850,0.6593491245768972
UMLS,QMult,QMult,312,1466990855,0.6737503729710087
UMLS,QMult,QMult,312,1859447115,0.6662100447034235
UMLS,QMult,QMult,312,2164385946,0.6722421192621849
UMLS,QMult,QMult,312,2376066489,0.6874536720193085
UMLS,QMult,QMult,312,2430986565,0.651229540994658
UMLS,QMult,QMult,312,3087940365,0.6639083691377607
UMLS,QMult,QMult,312,636282949,0.6758953167111854
UMLS,QMult,QMult,312,694443915,0.6708064093398213
UMLS,QMult,QMult,312,831769172,0.7062645583728017
UMLS,QMult,QMult,365,101022850,0.6655534148561567
UMLS,QMult,QMult,365,1466990855,0.6588419710914509
UMLS,QMult,QMult,365,1859447115,0.6499132465454422
UMLS,QMult,QMult,365,2164385946,0.663402767962123
UMLS,QMult,QMult,365,2376066489,0.6807980324838452
UMLS,QMult,QMult,365,2430986565,0.6670412089516978
UMLS,QMult,QMult,365,3087940365,0.6651576300802191
UMLS,QMult,QMult,365,636282949,0.6550386397572949
UMLS,QMult,QMult,365,694443915,0.6539829183696376
UMLS,QMult,QMult,365,831769172,0.6855925723277139
UMLS,QMult,QMult,417,101022850,0.6390002665397808
UMLS,QMult,QMult,417,1466990855,0.6495864596467281
UMLS,QMult,QMult,417,1859447115,0.6235788992500892
UMLS,QMult,QMult,417,2164385946,0.6463787912758325
UMLS,QMult,QMult,417,2376066489,0.6430780593982371
UMLS,QMult,QMult,417,2430986565,0.6334140931665329
UMLS,QMult,QMult,417,3087940365,0.632323125541882
UMLS,QMult,QMult,417,636282949,0.6456018551346202
UMLS,QMult,QMult,417,694443915,0.6458834752590888
UMLS,QMult,QMult,417,831769172,0.6632897525920035
UMLS,QMult,QMult,469,101022850,0.6300607563979869
UMLS,QMult,QMult,469,1466990855,0.6125321250283152
UMLS,QMult,QMult,469,1859447115,0.535172005988966
UMLS,QMult,QMult,469,2164385946,0.626444027951445
UMLS,QMult,QMult,469,2376066489,0.6199586414836415
UMLS,QMult,QMult,469,2430986565,0.6267971735799315
UMLS,QMult,QMult,469,3087940365,0.594220794299115
UMLS,QMult,QMult,469,636282949,0.6375692974111544
UMLS,QMult,QMult,469,694443915,0.6175215170273649
UMLS,QMult,QMult,469,831769172,0.6376713451206153
UMLS,QMult,QMult,52,101022850,0.7794588426988904
UMLS,QMult,QMult,52,1466990855,0.7932206334695358
UMLS,QMult,QMult,52,1859447115,0.7836265820841886
UMLS,QMult,QMult,52,2164385946,0.8034016604255196
UMLS,QMult,QMult,52,2376066489,0.78774683109692
UMLS,QMult,QMult,52,2430986565,0.8005042349000882
UMLS,QMult,QMult,52,3087940365,0.7738459422774645
UMLS,QMult,QMult,52,636282949,0.7866061358569834
UMLS,QMult,QMult,52,694443915,0.8011568583888633
UMLS,QMult,QMult,52,831769172,0.8015730029539156
UMLS,QMult,QMult,521,101022850,0.32904396222726884
UMLS,QMult,QMult,521,1466990855,0.3239888259663465
UMLS,QMult,QMult,521,1859447115,0.6138914603556708
UMLS,QMult,QMult,521,2164385946,0.4895155509239353
UMLS,QMult,QMult,521,2376066489,0.5411869506015604
UMLS,QMult,QMult,521,2430986565,0.3555329786922132
UMLS,QMult,QMult,521,3087940365,0.5986042738926488
UMLS,QMult,QMult,521,636282949,0.614373779996054
UMLS,QMult,QMult,521,694443915,0.567917826082629
UMLS,QMult,QMult,521,831769172,0.5686355281504973
UMLS,QMult,DeCaL,104,1859447115,0.7443532326479882
UMLS,QMult,DeCaL,104,2164385946,0.7671214631630013
UMLS,QMult,DeCaL,104,2376066489,0.765539880261714
UMLS,QMult,DeCaL,104,2430986565,0.766055365020466
UMLS,QMult,DeCaL,104,694443915,0.7582409969232247
UMLS,QMult,DeCaL,104,831769172,0.776290068504466
UMLS,QMult,DeCaL,156,1859447115,0.732869582225874
UMLS,QMult,DeCaL,156,2164385946,0.7374632107483923
UMLS,QMult,DeCaL,156,2376066489,0.7564421400994545
UMLS,QMult,DeCaL,156,2430986565,0.752024258418601
UMLS,QMult,DeCaL,156,694443915,0.7324764797461438
UMLS,QMult,DeCaL,156,831769172,0.7698881863203118
UMLS,QMult,DeCaL,208,1859447115,0.71794317485432
UMLS,QMult,DeCaL,208,2376066489,0.7352588229943947
UMLS,QMult,DeCaL,208,2430986565,0.7426472132024923
UMLS,QMult,DeCaL,208,694443915,0.740216448183383
UMLS,QMult,DeCaL,208,831769172,0.7593458308673475
UMLS,QMult,DeCaL,260,1859447115,0.7262876696726277
UMLS,QMult,DeCaL,260,2376066489,0.7171823455696459
UMLS,QMult,DeCaL,260,2430986565,0.7235949275571163
UMLS,QMult,DeCaL,260,694443915,0.7151521529487093
UMLS,QMult,DeCaL,260,831769172,0.7403494271087615
UMLS,QMult,DeCaL,312,1859447115,0.7091829456745123
UMLS,QMult,DeCaL,312,2376066489,0.6986770541439418
UMLS,QMult,DeCaL,312,2430986565,0.7060102000158149
UMLS,QMult,DeCaL,312,694443915,0.7045881916498911
UMLS,QMult,DeCaL,312,831769172,0.7089239966596299
UMLS,QMult,DeCaL,365,1859447115,0.7064238501575436
UMLS,QMult,DeCaL,365,2376066489,0.6922874320641794
UMLS,QMult,DeCaL,365,2430986565,0.696672309639073
UMLS,QMult,DeCaL,365,694443915,0.6804258182341526
UMLS,QMult,DeCaL,365,831769172,0.7051447223796264
UMLS,QMult,DeCaL,417,1859447115,0.7077152936485032
UMLS,QMult,DeCaL,417,2376066489,0.6556993298283028
UMLS,QMult,DeCaL,417,2430986565,0.6817667210034457
UMLS,QMult,DeCaL,417,694443915,0.6745372537184495
UMLS,QMult,DeCaL,417,831769172,0.6879442093233956
UMLS,QMult,DeCaL,469,1859447115,0.6683652633188112
UMLS,QMult,DeCaL,469,2376066489,0.6430304594961961
UMLS,QMult,DeCaL,469,2430986565,0.6819394731464222
UMLS,QMult,DeCaL,469,694443915,0.6447973298337866
UMLS,QMult,DeCaL,469,831769172,0.6749199938116185
UMLS,QMult,DeCaL,52,1859447115,0.7842916745065804
UMLS,QMult,DeCaL,52,2164385946,0.794428323185292
UMLS,QMult,DeCaL,52,2376066489,0.7912800431572137
UMLS,QMult,DeCaL,52,2430986565,0.79851260910219
UMLS,QMult,DeCaL,52,694443915,0.7936325677464273
UMLS,QMult,DeCaL,52,831769172,0.794512057744085
UMLS,QMult,DeCaL,521,1859447115,0.4099547944185748
UMLS,QMult,DeCaL,521,2376066489,0.5380306118330866
UMLS,QMult,DeCaL,521,2430986565,0.6753848076744103
UMLS,QMult,DeCaL,521,694443915,0.6409144482636105
UMLS,QMult,DeCaL,521,831769172,0.679286477175524
UMLS,DeCaL,DistMult,104,101022850,0.7883364246612082
UMLS,DeCaL,DistMult,104,1466990855,0.7570351571283757
UMLS,DeCaL,DistMult,104,1859447115,0.7712303212988734
UMLS,DeCaL,DistMult,104,2164385946,0.8150811508254416
UMLS,DeCaL,DistMult,104,2376066489,0.8008926677495838
UMLS,DeCaL,DistMult,104,2430986565,0.7947166195103069
UMLS,DeCaL,DistMult,104,3087940365,0.7885832175407375
UMLS,DeCaL,DistMult,104,636282949,0.7828798568536018
UMLS,DeCaL,DistMult,104,694443915,0.791858759251087
UMLS,DeCaL,DistMult,104,831769172,0.7436355717275186
UMLS,DeCaL,DistMult,156,101022850,0.7614030063808975
UMLS,DeCaL,DistMult,156,1466990855,0.7309700225142214
UMLS,DeCaL,DistMult,156,1859447115,0.7640117192472359
UMLS,DeCaL,DistMult,156,2164385946,0.7648839149843925
UMLS,DeCaL,DistMult,156,2376066489,0.7883946053297957
UMLS,DeCaL,DistMult,156,2430986565,0.7794099370414118
UMLS,DeCaL,DistMult,156,3087940365,0.777423631200885
UMLS,DeCaL,DistMult,156,636282949,0.773650879278977
UMLS,DeCaL,DistMult,156,694443915,0.7796122077659928
UMLS,DeCaL,DistMult,156,831769172,0.7459285999541326
UMLS,DeCaL,DistMult,208,101022850,0.7499806763415148
UMLS,DeCaL,DistMult,208,1466990855,0.7407120178535371
UMLS,DeCaL,DistMult,208,1859447115,0.7419057428655069
UMLS,DeCaL,DistMult,208,2164385946,0.7518550707096755
UMLS,DeCaL,DistMult,208,2376066489,0.7565104438905251
UMLS,DeCaL,DistMult,208,2430986565,0.7432754231115827
UMLS,DeCaL,DistMult,208,3087940365,0.7803204599772213
UMLS,DeCaL,DistMult,208,636282949,0.7668860767838527
UMLS,DeCaL,DistMult,208,694443915,0.738592020844783
UMLS,DeCaL,DistMult,208,831769172,0.7216680274774199
UMLS,DeCaL,DistMult,260,101022850,0.7287131116260502
UMLS,DeCaL,DistMult,260,1466990855,0.7440330046785268
UMLS,DeCaL,DistMult,260,1859447115,0.7429916214523239
UMLS,DeCaL,DistMult,260,2164385946,0.7247392608847261
UMLS,DeCaL,DistMult,260,2376066489,0.7217174794879406
UMLS,DeCaL,DistMult,260,2430986565,0.7326260754609616
UMLS,DeCaL,DistMult,260,3087940365,0.7284276046032013
UMLS,DeCaL,DistMult,260,636282949,0.7428960965665429
UMLS,DeCaL,DistMult,260,694443915,0.7381518162818338
UMLS,DeCaL,DistMult,260,831769172,0.7049392488625204
UMLS,DeCaL,DistMult,312,101022850,0.7286127329187578
UMLS,DeCaL,DistMult,312,1466990855,0.7200206830460238
UMLS,DeCaL,DistMult,312,1859447115,0.7460592624726327
UMLS,DeCaL,DistMult,312,2164385946,0.7292212275960114
UMLS,DeCaL,DistMult,312,2376066489,0.7180900871443832
UMLS,DeCaL,DistMult,312,2430986565,0.6947025132283284
UMLS,DeCaL,DistMult,312,3087940365,0.7093964575069864
UMLS,DeCaL,DistMult,312,636282949,0.731823773140767
UMLS,DeCaL,DistMult,312,694443915,0.7177786682010202
UMLS,DeCaL,DistMult,312,831769172,0.6949611895893488
UMLS,DeCaL,DistMult,365,101022850,0.7330745460237015
UMLS,DeCaL,DistMult,365,1466990855,0.7094511333160438
UMLS,DeCaL,DistMult,365,1859447115,0.7210616256711809
UMLS,DeCaL,DistMult,365,2164385946,0.719214715679683
UMLS,DeCaL,DistMult,365,2376066489,0.7189698127838278
UMLS,DeCaL,DistMult,365,2430986565,0.6879874814590202
UMLS,DeCaL,DistMult,365,3087940365,0.693713971792191
UMLS,DeCaL,DistMult,365,636282949,0.6888116494813861
UMLS,DeCaL,DistMult,365,694443915,0.704628412965001
UMLS,DeCaL,DistMult,365,831769172,0.6688964024629039
UMLS,DeCaL,DistMult,417,101022850,0.7138699029935172
UMLS,DeCaL,DistMult,417,1466990855,0.7103709328359955
UMLS,DeCaL,DistMult,417,1859447115,0.7052021094979007
UMLS,DeCaL,DistMult,417,2164385946,0.7163421408398712
UMLS,DeCaL,DistMult,417,2376066489,0.6749813826110693
UMLS,DeCaL,DistMult,417,2430986565,0.686023321085115
UMLS,DeCaL,DistMult,417,3087940365,0.6929537358718211
UMLS,DeCaL,DistMult,417,636282949,0.6974347898941587
UMLS,DeCaL,DistMult,417,694443915,0.7023072933711004
UMLS,DeCaL,DistMult,417,831769172,0.6651566344557764
UMLS,DeCaL,DistMult,469,101022850,0.7030771798145378
UMLS,DeCaL,DistMult,469,1466990855,0.6890307219792513
UMLS,DeCaL,DistMult,469,1859447115,0.6911043469806233
UMLS,DeCaL,DistMult,469,2164385946,0.6986091446033204
UMLS,DeCaL,DistMult,469,2376066489,0.6832524651511955
UMLS,DeCaL,DistMult,469,2430986565,0.6567349759730144
UMLS,DeCaL,DistMult,469,3087940365,0.6615220362989844
UMLS,DeCaL,DistMult,469,636282949,0.678353695382975
UMLS,DeCaL,DistMult,469,694443915,0.6702174862585487
UMLS,DeCaL,DistMult,469,831769172,0.6573506342621279
UMLS,DeCaL,DistMult,52,101022850,0.8291239863281004
UMLS,DeCaL,DistMult,52,1466990855,0.7788966969241237
UMLS,DeCaL,DistMult,52,1859447115,0.8048890064825271
UMLS,DeCaL,DistMult,52,2164385946,0.8242450727113998
UMLS,DeCaL,DistMult,52,2376066489,0.8154607821565985
UMLS,DeCaL,DistMult,52,2430986565,0.8173050032421251
UMLS,DeCaL,DistMult,52,3087940365,0.8069848017877109
UMLS,DeCaL,DistMult,52,636282949,0.8142521042306977
UMLS,DeCaL,DistMult,52,694443915,0.7974622854372694
UMLS,DeCaL,DistMult,52,831769172,0.7647107010243708
UMLS,DeCaL,DistMult,521,101022850,0.6066529162604534
UMLS,DeCaL,DistMult,521,1466990855,0.46320102282198683
UMLS,DeCaL,DistMult,521,1859447115,0.588481210534024
UMLS,DeCaL,DistMult,521,2164385946,0.5775284705055577
UMLS,DeCaL,DistMult,521,2376066489,0.6895109763405878
UMLS,DeCaL,DistMult,521,2430986565,0.580327004371501
UMLS,DeCaL,DistMult,521,3087940365,0.4526957344149322
UMLS,DeCaL,DistMult,521,636282949,0.63520747652094
UMLS,DeCaL,DistMult,521,694443915,0.6589609259482465
UMLS,DeCaL,DistMult,521,831769172,0.42739458155119114
UMLS,DeCaL,ComplEx,104,101022850,0.8001636342210455
UMLS,DeCaL,ComplEx,104,1466990855,0.7497622432454374
UMLS,DeCaL,ComplEx,104,1859447115,0.7521240389455861
UMLS,DeCaL,ComplEx,104,2164385946,0.7918432750911554
UMLS,DeCaL,ComplEx,104,2376066489,0.793430568339133
UMLS,DeCaL,ComplEx,104,2430986565,0.7809856532996967
UMLS,DeCaL,ComplEx,104,3087940365,0.7972754527078186
UMLS,DeCaL,ComplEx,104,636282949,0.7787073730824149
UMLS,DeCaL,ComplEx,104,694443915,0.7757800594012204
UMLS,DeCaL,ComplEx,104,831769172,0.760140080834318
UMLS,DeCaL,ComplEx,156,101022850,0.7725028328514305
UMLS,DeCaL,ComplEx,156,1466990855,0.7443935596490515
UMLS,DeCaL,ComplEx,156,1859447115,0.7450345705936966
UMLS,DeCaL,ComplEx,156,2164385946,0.7685259064394571
UMLS,DeCaL,ComplEx,156,2376066489,0.7526815025293033
UMLS,DeCaL,ComplEx,156,2430986565,0.7593486267341532
UMLS,DeCaL,ComplEx,156,3087940365,0.7761851253550432
UMLS,DeCaL,ComplEx,156,636282949,0.750359756766248
UMLS,DeCaL,ComplEx,156,694443915,0.7461784603189395
UMLS,DeCaL,ComplEx,156,831769172,0.7494874768841366
UMLS,DeCaL,ComplEx,208,101022850,0.7357228984590507
UMLS,DeCaL,ComplEx,208,1466990855,0.7125985742786836
UMLS,DeCaL,ComplEx,208,1859447115,0.7066547077803725
UMLS,DeCaL,ComplEx,208,2164385946,0.7348057684106343
UMLS,DeCaL,ComplEx,208,2376066489,0.7470868083923923
UMLS,DeCaL,ComplEx,208,2430986565,0.7514017505130163
UMLS,DeCaL,ComplEx,208,3087940365,0.7517363246177952
UMLS,DeCaL,ComplEx,208,636282949,0.7258573886585209
UMLS,DeCaL,ComplEx,208,694443915,0.7315148729258637
UMLS,DeCaL,ComplEx,208,831769172,0.7132715579790253
UMLS,DeCaL,ComplEx,260,101022850,0.7147590246080407
UMLS,DeCaL,ComplEx,260,1466990855,0.7310966320728625
UMLS,DeCaL,ComplEx,260,1859447115,0.7064098999785825
UMLS,DeCaL,ComplEx,260,2164385946,0.7232395967817052
UMLS,DeCaL,ComplEx,260,2376066489,0.736105575115737
UMLS,DeCaL,ComplEx,260,2430986565,0.7113865966329488
UMLS,DeCaL,ComplEx,260,3087940365,0.7217492495099727
UMLS,DeCaL,ComplEx,260,636282949,0.6892719850182056
UMLS,DeCaL,ComplEx,260,694443915,0.7164926290052281
UMLS,DeCaL,ComplEx,260,831769172,0.7065000660674152
UMLS,DeCaL,ComplEx,312,101022850,0.6987762532362145
UMLS,DeCaL,ComplEx,312,1466990855,0.7106265953851261
UMLS,DeCaL,ComplEx,312,1859447115,0.6787412390546478
UMLS,DeCaL,ComplEx,312,2164385946,0.6913635112582934
UMLS,DeCaL,ComplEx,312,2376066489,0.7087501648210957
UMLS,DeCaL,ComplEx,312,2430986565,0.687475746504529
UMLS,DeCaL,ComplEx,312,3087940365,0.70975365698434
UMLS,DeCaL,ComplEx,312,636282949,0.680818838140207
UMLS,DeCaL,ComplEx,312,694443915,0.6855360770255591
UMLS,DeCaL,ComplEx,312,831769172,0.7121046207867897
UMLS,DeCaL,ComplEx,365,101022850,0.672860241436085
UMLS,DeCaL,ComplEx,365,1466990855,0.7072636101098454
UMLS,DeCaL,ComplEx,365,1859447115,0.6713024435939728
UMLS,DeCaL,ComplEx,365,2164385946,0.6855004018545214
UMLS,DeCaL,ComplEx,365,2376066489,0.7122512751003758
UMLS,DeCaL,ComplEx,365,2430986565,0.6725323764607696
UMLS,DeCaL,ComplEx,365,3087940365,0.6760539252647096
UMLS,DeCaL,ComplEx,365,636282949,0.6533915914392594
UMLS,DeCaL,ComplEx,365,694443915,0.6697345218897583
UMLS,DeCaL,ComplEx,365,831769172,0.6819026221206125
UMLS,DeCaL,ComplEx,417,101022850,0.6574625886769194
UMLS,DeCaL,ComplEx,417,1466990855,0.6811997342305585
UMLS,DeCaL,ComplEx,417,1859447115,0.647769038541571
UMLS,DeCaL,ComplEx,417,2164385946,0.6623021125267881
UMLS,DeCaL,ComplEx,417,2376066489,0.7005489350475151
UMLS,DeCaL,ComplEx,417,2430986565,0.6497526723688802
UMLS,DeCaL,ComplEx,417,3087940365,0.66349001733988
UMLS,DeCaL,ComplEx,417,636282949,0.6374413546054445
UMLS,DeCaL,ComplEx,417,694443915,0.6546335554381985
UMLS,DeCaL,ComplEx,417,831769172,0.657884446020909
UMLS,DeCaL,ComplEx,469,101022850,0.6423923497293931
UMLS,DeCaL,ComplEx,469,1466990855,0.6625061272926923
UMLS,DeCaL,ComplEx,469,1859447115,0.6527825094371272
UMLS,DeCaL,ComplEx,469,2164385946,0.667165082537868
UMLS,DeCaL,ComplEx,469,2376066489,0.6624231306995544
UMLS,DeCaL,ComplEx,469,2430986565,0.6259109690963507
UMLS,DeCaL,ComplEx,469,3087940365,0.6569922844893816
UMLS,DeCaL,ComplEx,469,636282949,0.6434650499714633
UMLS,DeCaL,ComplEx,469,694443915,0.6455141310698582
UMLS,DeCaL,ComplEx,469,831769172,0.6471962109802203
UMLS,DeCaL,ComplEx,52,101022850,0.832760778178467
UMLS,DeCaL,ComplEx,52,1466990855,0.7821950459865895
UMLS,DeCaL,ComplEx,52,1859447115,0.7765590364467616
UMLS,DeCaL,ComplEx,52,2164385946,0.8226950720991978
UMLS,DeCaL,ComplEx,52,2376066489,0.8064026368956012
UMLS,DeCaL,ComplEx,52,2430986565,0.818382274537213
UMLS,DeCaL,ComplEx,52,3087940365,0.8074777010970038
UMLS,DeCaL,ComplEx,52,636282949,0.79963828360857
UMLS,DeCaL,ComplEx,52,694443915,0.7932928047878087
UMLS,DeCaL,ComplEx,52,831769172,0.8007273386127407
UMLS,DeCaL,ComplEx,521,101022850,0.6375902596547622
UMLS,DeCaL,ComplEx,521,1466990855,0.6406537540829097
UMLS,DeCaL,ComplEx,521,1859447115,0.5349663221056932
UMLS,DeCaL,ComplEx,521,2164385946,0.526226057244617
UMLS,DeCaL,ComplEx,521,2376066489,0.650352466206867
UMLS,DeCaL,ComplEx,521,2430986565,0.46996362133611297
UMLS,DeCaL,ComplEx,521,3087940365,0.4745509087407489
UMLS,DeCaL,ComplEx,521,636282949,0.5813209662729648
UMLS,DeCaL,ComplEx,521,694443915,0.46886044089190554
UMLS,DeCaL,ComplEx,521,831769172,0.600786035618156
UMLS,DeCaL,QMult,104,101022850,0.775511127503731
UMLS,DeCaL,QMult,104,1466990855,0.7457397252424263
UMLS,DeCaL,QMult,104,1859447115,0.7662415963989593
UMLS,DeCaL,QMult,104,2164385946,0.8024244087917837
UMLS,DeCaL,QMult,104,2376066489,0.8026334825947304
UMLS,DeCaL,QMult,104,2430986565,0.7943201923410277
UMLS,DeCaL,QMult,104,3087940365,0.749373503036765
UMLS,DeCaL,QMult,104,636282949,0.7748936479781665
UMLS,DeCaL,QMult,104,694443915,0.7717135624099102
UMLS,DeCaL,QMult,104,831769172,0.7614245554379895
UMLS,DeCaL,QMult,156,101022850,0.7692022515575149
UMLS,DeCaL,QMult,156,1466990855,0.7219873571445902
UMLS,DeCaL,QMult,156,1859447115,0.7108245534478903
UMLS,DeCaL,QMult,156,2164385946,0.7403361165248681
UMLS,DeCaL,QMult,156,2376066489,0.763855844459533
UMLS,DeCaL,QMult,156,2430986565,0.7809948716248931
UMLS,DeCaL,QMult,156,3087940365,0.7319571919286864
UMLS,DeCaL,QMult,156,636282949,0.74963614473855
UMLS,DeCaL,QMult,156,694443915,0.7458882470444429
UMLS,DeCaL,QMult,156,831769172,0.7354085560438514
UMLS,DeCaL,QMult,208,101022850,0.7615345668178096
UMLS,DeCaL,QMult,208,1466990855,0.7188676410031918
UMLS,DeCaL,QMult,208,1859447115,0.7207597209152553
UMLS,DeCaL,QMult,208,2164385946,0.7206500209446355
UMLS,DeCaL,QMult,208,2376066489,0.7423581615017855
UMLS,DeCaL,QMult,208,2430986565,0.7590333542068552
UMLS,DeCaL,QMult,208,3087940365,0.7134919829885975
UMLS,DeCaL,QMult,208,636282949,0.7349882407684819
UMLS,DeCaL,QMult,208,694443915,0.7117820696269831
UMLS,DeCaL,QMult,208,831769172,0.7150347187598197
UMLS,DeCaL,QMult,260,101022850,0.7441671181280548
UMLS,DeCaL,QMult,260,1466990855,0.7186180030589407
UMLS,DeCaL,QMult,260,1859447115,0.7026184817978186
UMLS,DeCaL,QMult,260,2164385946,0.7060299174246285
UMLS,DeCaL,QMult,260,2376066489,0.7319408190989817
UMLS,DeCaL,QMult,260,2430986565,0.7301272948728035
UMLS,DeCaL,QMult,260,3087940365,0.6862324437182047
UMLS,DeCaL,QMult,260,636282949,0.7195481166813413
UMLS,DeCaL,QMult,260,694443915,0.6908287580059921
UMLS,DeCaL,QMult,260,831769172,0.7140001700928659
UMLS,DeCaL,QMult,312,101022850,0.7156694898948891
UMLS,DeCaL,QMult,312,1466990855,0.7073869502595913
UMLS,DeCaL,QMult,312,1859447115,0.6954104430056433
UMLS,DeCaL,QMult,312,2164385946,0.7231491926390703
UMLS,DeCaL,QMult,312,2376066489,0.7142925754122166
UMLS,DeCaL,QMult,312,2430986565,0.7141388527654865
UMLS,DeCaL,QMult,312,3087940365,0.6688128542742646
UMLS,DeCaL,QMult,312,636282949,0.7038089796854186
UMLS,DeCaL,QMult,312,694443915,0.6756425091942005
UMLS,DeCaL,QMult,312,831769172,0.7058386479331517
UMLS,DeCaL,QMult,365,101022850,0.7021647713811594
UMLS,DeCaL,QMult,365,1466990855,0.6999207699665032
UMLS,DeCaL,QMult,365,1859447115,0.6657531392865603
UMLS,DeCaL,QMult,365,2164385946,0.6766407951165496
UMLS,DeCaL,QMult,365,2376066489,0.6886432878879505
UMLS,DeCaL,QMult,365,2430986565,0.6940291464159931
UMLS,DeCaL,QMult,365,3087940365,0.6780045193311954
UMLS,DeCaL,QMult,365,636282949,0.6986442546707466
UMLS,DeCaL,QMult,365,694443915,0.6683033452644027
UMLS,DeCaL,QMult,365,831769172,0.6943381476062552
UMLS,DeCaL,QMult,417,101022850,0.6772219743500912
UMLS,DeCaL,QMult,417,1466990855,0.6800313225407896
UMLS,DeCaL,QMult,417,1859447115,0.6584432863816616
UMLS,DeCaL,QMult,417,2164385946,0.6823924145202374
UMLS,DeCaL,QMult,417,2376066489,0.6795035966378319
UMLS,DeCaL,QMult,417,2430986565,0.6886629842417648
UMLS,DeCaL,QMult,417,3087940365,0.6502206758024794
UMLS,DeCaL,QMult,417,636282949,0.6718745858435476
UMLS,DeCaL,QMult,417,694443915,0.6493413909659491
UMLS,DeCaL,QMult,417,831769172,0.6849383611360648
UMLS,DeCaL,QMult,469,101022850,0.6533783163331062
UMLS,DeCaL,QMult,469,1466990855,0.6513205103766961
UMLS,DeCaL,QMult,469,1859447115,0.5351645355845849
UMLS,DeCaL,QMult,469,2164385946,0.6515871672292308
UMLS,DeCaL,QMult,469,2376066489,0.6588639449182148
UMLS,DeCaL,QMult,469,2430986565,0.6869978738155839
UMLS,DeCaL,QMult,469,3087940365,0.6682978522390014
UMLS,DeCaL,QMult,469,636282949,0.65372654307059
UMLS,DeCaL,QMult,469,694443915,0.6482911168298179
UMLS,DeCaL,QMult,469,831769172,0.6584983863472775
UMLS,DeCaL,QMult,52,101022850,0.8263820782019762
UMLS,DeCaL,QMult,52,1466990855,0.7775342233620179
UMLS,DeCaL,QMult,52,1859447115,0.779562499472303
UMLS,DeCaL,QMult,52,2164385946,0.8252762581003473
UMLS,DeCaL,QMult,52,2376066489,0.8192616673353863
UMLS,DeCaL,QMult,52,2430986565,0.8146848853140045
UMLS,DeCaL,QMult,52,3087940365,0.7939386426274357
UMLS,DeCaL,QMult,52,636282949,0.7959080992945522
UMLS,DeCaL,QMult,52,694443915,0.7911174655992322
UMLS,DeCaL,QMult,52,831769172,0.7688911016965391
UMLS,DeCaL,QMult,521,101022850,0.4168173601096817
UMLS,DeCaL,QMult,521,1466990855,0.45619589296170737
UMLS,DeCaL,QMult,521,1859447115,0.6006719739374125
UMLS,DeCaL,QMult,521,2164385946,0.5341126835318464
UMLS,DeCaL,QMult,521,2376066489,0.5527961974049945
UMLS,DeCaL,QMult,521,2430986565,0.4308738937248474
UMLS,DeCaL,QMult,521,3087940365,0.6329136295216893
UMLS,DeCaL,QMult,521,636282949,0.6298504471525753
UMLS,DeCaL,QMult,521,694443915,0.5702687135782527
UMLS,DeCaL,QMult,521,831769172,0.6295773203400993
UMLS,DeCaL,DeCaL,104,1859447115,0.7591286824946877
UMLS,DeCaL,DeCaL,104,2164385946,0.7851165547951574
UMLS,DeCaL,DeCaL,104,2376066489,0.7981794730328693
UMLS,DeCaL,DeCaL,104,2430986565,0.7957732859830329
UMLS,DeCaL,DeCaL,104,694443915,0.7610659663221385
UMLS,DeCaL,DeCaL,104,831769172,0.7840528546292637
UMLS,DeCaL,DeCaL,156,1859447115,0.749124455358428
UMLS,DeCaL,DeCaL,156,2164385946,0.7456927154152494
UMLS,DeCaL,DeCaL,156,2376066489,0.7817566933355599
UMLS,DeCaL,DeCaL,156,2430986565,0.7871159879311401
UMLS,DeCaL,DeCaL,156,694443915,0.7500386258519328
UMLS,DeCaL,DeCaL,156,831769172,0.756441852466371
UMLS,DeCaL,DeCaL,208,1859447115,0.7314074106941791
UMLS,DeCaL,DeCaL,208,2376066489,0.7645561845399224
UMLS,DeCaL,DeCaL,208,2430986565,0.7658149354883949
UMLS,DeCaL,DeCaL,208,694443915,0.7310231545937521
UMLS,DeCaL,DeCaL,208,831769172,0.7626695219635056
UMLS,DeCaL,DeCaL,260,1859447115,0.7170130980506011
UMLS,DeCaL,DeCaL,260,2376066489,0.7521583377399409
UMLS,DeCaL,DeCaL,260,2430986565,0.7213783269837971
UMLS,DeCaL,DeCaL,260,694443915,0.7200007312294022
UMLS,DeCaL,DeCaL,260,831769172,0.7196535631853747
UMLS,DeCaL,DeCaL,312,1859447115,0.7166818933333381
UMLS,DeCaL,DeCaL,312,2376066489,0.7367599233089785
UMLS,DeCaL,DeCaL,312,2430986565,0.726218667990924
UMLS,DeCaL,DeCaL,312,694443915,0.7182075247109432
UMLS,DeCaL,DeCaL,312,831769172,0.7128511288666307
UMLS,DeCaL,DeCaL,365,1859447115,0.6953121351298772
UMLS,DeCaL,DeCaL,365,2376066489,0.7059558531283006
UMLS,DeCaL,DeCaL,365,2430986565,0.6947154317937139
UMLS,DeCaL,DeCaL,365,694443915,0.7065164866227269
UMLS,DeCaL,DeCaL,365,831769172,0.700581757601875
UMLS,DeCaL,DeCaL,417,1859447115,0.6899808969480343
UMLS,DeCaL,DeCaL,417,2376066489,0.6916016040771165
UMLS,DeCaL,DeCaL,417,2430986565,0.6896051923026132
UMLS,DeCaL,DeCaL,417,694443915,0.705229048170623
UMLS,DeCaL,DeCaL,417,831769172,0.6902027287892752
UMLS,DeCaL,DeCaL,469,1859447115,0.6810579930276952
UMLS,DeCaL,DeCaL,469,2376066489,0.6891601023230621
UMLS,DeCaL,DeCaL,469,2430986565,0.6854702178039467
UMLS,DeCaL,DeCaL,469,694443915,0.7010977216122392
UMLS,DeCaL,DeCaL,469,831769172,0.6952172457123978
UMLS,DeCaL,DeCaL,52,1859447115,0.7882942938140363
UMLS,DeCaL,DeCaL,52,2164385946,0.7993618639353723
UMLS,DeCaL,DeCaL,52,2376066489,0.8265752356597358
UMLS,DeCaL,DeCaL,52,2430986565,0.8157435664150091
UMLS,DeCaL,DeCaL,52,694443915,0.8035559085350452
UMLS,DeCaL,DeCaL,52,831769172,0.799840470844487
UMLS,DeCaL,DeCaL,521,1859447115,0.4948175276842485
UMLS,DeCaL,DeCaL,521,2376066489,0.5476096522523949
UMLS,DeCaL,DeCaL,521,2430986565,0.67734740107893
UMLS,DeCaL,DeCaL,521,694443915,0.6821322883236238
UMLS,DeCaL,DeCaL,521,831769172,0.6645363141102163
DB,RunModel,DataModel,Ratio,Seed,MRR
UMLS,DistMult,random,104,101022850,0.7371414273819421
UMLS,DistMult,random,104,1466990855,0.7375625770507233
UMLS,DistMult,random,104,1859447115,0.7421946321829404
UMLS,DistMult,random,104,2164385946,0.7511899792088428
UMLS,DistMult,random,104,2376066489,0.7136670448795416
UMLS,DistMult,random,104,2430986565,0.7325046229227044
UMLS,DistMult,random,104,3087940365,0.7160200922238948
UMLS,DistMult,random,104,636282949,0.7102611713800197
UMLS,DistMult,random,104,694443915,0.7354006059683754
UMLS,DistMult,random,104,831769172,0.7542180615837807
UMLS,DistMult,random,156,101022850,0.7024262281704067
UMLS,DistMult,random,156,1466990855,0.7323665196525363
UMLS,DistMult,random,156,1859447115,0.7106966946511889
UMLS,DistMult,random,156,2164385946,0.7143634644346352
UMLS,DistMult,random,156,2376066489,0.6974471914329434
UMLS,DistMult,random,156,2430986565,0.7174464343676867
UMLS,DistMult,random,156,3087940365,0.7232732212443738
UMLS,DistMult,random,156,636282949,0.7019040181668444
UMLS,DistMult,random,156,694443915,0.7277517161944599
UMLS,DistMult,random,156,831769172,0.7211719598310378
UMLS,DistMult,random,208,101022850,0.6930331839910978
UMLS,DistMult,random,208,1466990855,0.717046543886084
UMLS,DistMult,random,208,1859447115,0.6946448559538339
UMLS,DistMult,random,208,2164385946,0.7126721741205757
UMLS,DistMult,random,208,2376066489,0.669409675284005
UMLS,DistMult,random,208,2430986565,0.685147363539741
UMLS,DistMult,random,208,3087940365,0.7138204184216816
UMLS,DistMult,random,208,636282949,0.6743393467704417
UMLS,DistMult,random,208,694443915,0.6771074240225913
UMLS,DistMult,random,208,831769172,0.7168430570086469
UMLS,DistMult,random,260,101022850,0.6632594303783419
UMLS,DistMult,random,260,1466990855,0.6868448593955476
UMLS,DistMult,random,260,1859447115,0.6754996366053002
UMLS,DistMult,random,260,2164385946,0.6940748913004584
UMLS,DistMult,random,260,2376066489,0.6721775535251253
UMLS,DistMult,random,260,2430986565,0.6510857968647565
UMLS,DistMult,random,260,3087940365,0.6727502711735012
UMLS,DistMult,random,260,636282949,0.655212807009816
UMLS,DistMult,random,260,694443915,0.6705675175352911
UMLS,DistMult,random,260,831769172,0.6883915184455855
UMLS,DistMult,random,312,101022850,0.6588207455249399
UMLS,DistMult,random,312,1466990855,0.6797611390376636
UMLS,DistMult,random,312,1859447115,0.6468120034297281
UMLS,DistMult,random,312,2164385946,0.6655838941407112
UMLS,DistMult,random,312,2376066489,0.6538631035221195
UMLS,DistMult,random,312,2430986565,0.6423036433963508
UMLS,DistMult,random,312,3087940365,0.6523107515450374
UMLS,DistMult,random,312,636282949,0.6312698191294542
UMLS,DistMult,random,312,694443915,0.6641725010269783
UMLS,DistMult,random,312,831769172,0.6660486451471912
UMLS,DistMult,random,365,101022850,0.6425707115451917
UMLS,DistMult,random,365,1466990855,0.6568560835488249
UMLS,DistMult,random,365,1859447115,0.6382465521206078
UMLS,DistMult,random,365,2164385946,0.6684265943167681
UMLS,DistMult,random,365,2376066489,0.636703246684219
UMLS,DistMult,random,365,2430986565,0.6367165974791825
UMLS,DistMult,random,365,3087940365,0.6599043447228995
UMLS,DistMult,random,365,636282949,0.6330610837544176
UMLS,DistMult,random,365,694443915,0.6598938514435675
UMLS,DistMult,random,365,831769172,0.6539307598453543
UMLS,DistMult,random,417,101022850,0.6190524492817384
UMLS,DistMult,random,417,1466990855,0.648845016834033
UMLS,DistMult,random,417,1859447115,0.630089131581268
UMLS,DistMult,random,417,2164385946,0.6404083364759914
UMLS,DistMult,random,417,2376066489,0.629846420458346
UMLS,DistMult,random,417,2430986565,0.6308262358787102
UMLS,DistMult,random,417,3087940365,0.6293808462824586
UMLS,DistMult,random,417,636282949,0.6150078677891015
UMLS,DistMult,random,417,694443915,0.6169476497725839
UMLS,DistMult,random,417,831769172,0.6486148116949405
UMLS,DistMult,random,469,101022850,0.6113663875194355
UMLS,DistMult,random,469,1466990855,0.6280574564770752
UMLS,DistMult,random,469,1859447115,0.5975382189008646
UMLS,DistMult,random,469,2164385946,0.6532221582889236
UMLS,DistMult,random,469,2376066489,0.6311574956662201
UMLS,DistMult,random,469,2430986565,0.5976290891432116
UMLS,DistMult,random,469,3087940365,0.5982254051932203
UMLS,DistMult,random,469,636282949,0.6060790190834998
UMLS,DistMult,random,469,694443915,0.6059750540024993
UMLS,DistMult,random,469,831769172,0.628287871445615
UMLS,DistMult,random,52,101022850,0.7631667523778898
UMLS,DistMult,random,52,1466990855,0.7424157899044175
UMLS,DistMult,random,52,1859447115,0.7585337811531653
UMLS,DistMult,random,52,2164385946,0.7774547172148112
UMLS,DistMult,random,52,2376066489,0.7286969146549
UMLS,DistMult,random,52,2430986565,0.7322510336225843
UMLS,DistMult,random,52,3087940365,0.757779156727308
UMLS,DistMult,random,52,636282949,0.738609349737302
UMLS,DistMult,random,52,694443915,0.7656391139433824
UMLS,DistMult,random,52,831769172,0.7631857323365041
UMLS,DistMult,random,521,101022850,0.6119894230394166
UMLS,DistMult,random,521,1466990855,0.6088077836041071
UMLS,DistMult,random,521,1859447115,0.6059666162842902
UMLS,DistMult,random,521,2164385946,0.5982202757897992
UMLS,DistMult,random,521,2376066489,0.6104516836567057
UMLS,DistMult,random,521,2430986565,0.5880649123170931
UMLS,DistMult,random,521,3087940365,0.5963952401364039
UMLS,DistMult,random,521,636282949,0.6062450509154276
UMLS,DistMult,random,521,694443915,0.6171864643493811
UMLS,DistMult,random,521,831769172,0.5935387513612363
UMLS,ComplEx,random,104,101022850,0.7862266344919341
UMLS,ComplEx,random,104,1466990855,0.8006179800722636
UMLS,ComplEx,random,104,1859447115,0.802015413023406
UMLS,ComplEx,random,104,2164385946,0.8108027049276928
UMLS,ComplEx,random,104,2376066489,0.7875021301549049
UMLS,ComplEx,random,104,2430986565,0.7899294989236205
UMLS,ComplEx,random,104,3087940365,0.7821497231744284
UMLS,ComplEx,random,104,636282949,0.7881959186456357
UMLS,ComplEx,random,104,694443915,0.7951127263914534
UMLS,ComplEx,random,104,831769172,0.7842142996673953
UMLS,ComplEx,random,156,101022850,0.7587408841242662
UMLS,ComplEx,random,156,1466990855,0.7764012891635377
UMLS,ComplEx,random,156,1859447115,0.769201470554364
UMLS,ComplEx,random,156,2164385946,0.7970998915713351
UMLS,ComplEx,random,156,2376066489,0.7792254702176795
UMLS,ComplEx,random,156,2430986565,0.7637555378421341
UMLS,ComplEx,random,156,3087940365,0.7606703137724008
UMLS,ComplEx,random,156,636282949,0.7734457347000538
UMLS,ComplEx,random,156,694443915,0.7808475732595187
UMLS,ComplEx,random,156,831769172,0.7659998108649009
UMLS,ComplEx,random,208,101022850,0.7577184659370364
UMLS,ComplEx,random,208,1466990855,0.7439228161618102
UMLS,ComplEx,random,208,1859447115,0.7349794752618685
UMLS,ComplEx,random,208,2164385946,0.7731917146493658
UMLS,ComplEx,random,208,2376066489,0.7396363748300222
UMLS,ComplEx,random,208,2430986565,0.7611652678976993
UMLS,ComplEx,random,208,3087940365,0.7629876891199893
UMLS,ComplEx,random,208,636282949,0.7458157618663049
UMLS,ComplEx,random,208,694443915,0.7589589266025586
UMLS,ComplEx,random,208,831769172,0.7641677806278289
UMLS,ComplEx,random,260,101022850,0.7200911519091905
UMLS,ComplEx,random,260,1466990855,0.7401640297125276
UMLS,ComplEx,random,260,1859447115,0.7155376400653467
UMLS,ComplEx,random,260,2164385946,0.7562733556782338
UMLS,ComplEx,random,260,2376066489,0.7333681506221699
UMLS,ComplEx,random,260,2430986565,0.7272479368944118
UMLS,ComplEx,random,260,3087940365,0.743472816732227
UMLS,ComplEx,random,260,636282949,0.7100033230118356
UMLS,ComplEx,random,260,694443915,0.7210880617864466
UMLS,ComplEx,random,260,831769172,0.7128652883368174
UMLS,ComplEx,random,312,101022850,0.7087053098644492
UMLS,ComplEx,random,312,1466990855,0.7257171754506703
UMLS,ComplEx,random,312,1859447115,0.7046549194658956
UMLS,ComplEx,random,312,2164385946,0.706823679196526
UMLS,ComplEx,random,312,2376066489,0.7277183630163451
UMLS,ComplEx,random,312,2430986565,0.7083728349364228
UMLS,ComplEx,random,312,3087940365,0.7144874674388281
UMLS,ComplEx,random,312,636282949,0.7083090441958269
UMLS,ComplEx,random,312,694443915,0.7138117031202282
UMLS,ComplEx,random,312,831769172,0.6867361674224256
UMLS,ComplEx,random,365,101022850,0.7073757461849597
UMLS,ComplEx,random,365,1466990855,0.7026894425442902
UMLS,ComplEx,random,365,1859447115,0.6828246649860927
UMLS,ComplEx,random,365,2164385946,0.7025213784479144
UMLS,ComplEx,random,365,2376066489,0.7028876116275171
UMLS,ComplEx,random,365,2430986565,0.6819067624661402
UMLS,ComplEx,random,365,3087940365,0.6888787926669003
UMLS,ComplEx,random,365,636282949,0.6822984612123636
UMLS,ComplEx,random,365,694443915,0.6919299262894781
UMLS,ComplEx,random,365,831769172,0.6997897349098877
UMLS,ComplEx,random,417,101022850,0.6607893741886681
UMLS,ComplEx,random,417,1466990855,0.6510412122531256
UMLS,ComplEx,random,417,1859447115,0.6600342793130156
UMLS,ComplEx,random,417,2164385946,0.6784540816364721
UMLS,ComplEx,random,417,2376066489,0.6728716678389098
UMLS,ComplEx,random,417,2430986565,0.691538551096791
UMLS,ComplEx,random,417,3087940365,0.6596923866022296
UMLS,ComplEx,random,417,636282949,0.6510216048746811
UMLS,ComplEx,random,417,694443915,0.6961436914117394
UMLS,ComplEx,random,417,831769172,0.6824708108622841
UMLS,ComplEx,random,469,101022850,0.6313452404706205
UMLS,ComplEx,random,469,1466990855,0.6275027733124958
UMLS,ComplEx,random,469,1859447115,0.6563866758512049
UMLS,ComplEx,random,469,2164385946,0.6970390997798354
UMLS,ComplEx,random,469,2376066489,0.6592958545889408
UMLS,ComplEx,random,469,2430986565,0.6499031824547056
UMLS,ComplEx,random,469,3087940365,0.6492630163420625
UMLS,ComplEx,random,469,636282949,0.6629114322707068
UMLS,ComplEx,random,469,694443915,0.6524031910945467
UMLS,ComplEx,random,469,831769172,0.653900954817134
UMLS,ComplEx,random,52,101022850,0.8109673146327254
UMLS,ComplEx,random,52,1466990855,0.8236932439504336
UMLS,ComplEx,random,52,1859447115,0.8162262699928844
UMLS,ComplEx,random,52,2164385946,0.8238931535406507
UMLS,ComplEx,random,52,2376066489,0.8257576935619484
UMLS,ComplEx,random,52,2430986565,0.8114232996602228
UMLS,ComplEx,random,52,3087940365,0.8134211657092104
UMLS,ComplEx,random,52,636282949,0.8137872417075821
UMLS,ComplEx,random,52,694443915,0.8163144362181249
UMLS,ComplEx,random,52,831769172,0.8149478067785773
UMLS,ComplEx,random,521,101022850,0.6195024785158258
UMLS,ComplEx,random,521,1466990855,0.6641995927579031
UMLS,ComplEx,random,521,1859447115,0.6571233225696683
UMLS,ComplEx,random,521,2164385946,0.6766129860356765
UMLS,ComplEx,random,521,2376066489,0.656187108098085
UMLS,ComplEx,random,521,2430986565,0.6344364911103969
UMLS,ComplEx,random,521,3087940365,0.6520257326049607
UMLS,ComplEx,random,521,636282949,0.6436322495274427
UMLS,ComplEx,random,521,694443915,0.6490280458738323
UMLS,ComplEx,random,521,831769172,0.6519699618211076
UMLS,QMult,random,104,101022850,0.7539534473486941
UMLS,QMult,random,104,1466990855,0.7868508000889304
UMLS,QMult,random,104,1859447115,0.78184949332794
UMLS,QMult,random,104,2164385946,0.7722875603591655
UMLS,QMult,random,104,2376066489,0.7783311089236338
UMLS,QMult,random,104,2430986565,0.7924501110324442
UMLS,QMult,random,104,3087940365,0.7560393975876765
UMLS,QMult,random,104,636282949,0.7691089835640259
UMLS,QMult,random,104,694443915,0.7789869881740359
UMLS,QMult,random,104,831769172,0.7922767353318494
UMLS,QMult,random,156,101022850,0.7566536501741207
UMLS,QMult,random,156,1466990855,0.7569565756808546
UMLS,QMult,random,156,1859447115,0.7550889030382487
UMLS,QMult,random,156,2164385946,0.7470695170109692
UMLS,QMult,random,156,2376066489,0.7737282709731591
UMLS,QMult,random,156,2430986565,0.7317487139328211
UMLS,QMult,random,156,3087940365,0.7317283794808254
UMLS,QMult,random,156,636282949,0.7463715444884755
UMLS,QMult,random,156,694443915,0.7603860408271645
UMLS,QMult,random,156,831769172,0.7592728909986546
UMLS,QMult,random,208,101022850,0.7395050149571983
UMLS,QMult,random,208,1466990855,0.7197025133892595
UMLS,QMult,random,208,1859447115,0.7472304939033312
UMLS,QMult,random,208,2164385946,0.7272121119955641
UMLS,QMult,random,208,2376066489,0.7224762787937535
UMLS,QMult,random,208,2430986565,0.7352586018730884
UMLS,QMult,random,208,3087940365,0.7084065568430736
UMLS,QMult,random,208,636282949,0.7188829210155073
UMLS,QMult,random,208,694443915,0.7179748464622661
UMLS,QMult,random,208,831769172,0.7387648517556028
UMLS,QMult,random,260,101022850,0.708561626200185
UMLS,QMult,random,260,1466990855,0.7150527864282056
UMLS,QMult,random,260,1859447115,0.7024167690559407
UMLS,QMult,random,260,2164385946,0.7219009700313763
UMLS,QMult,random,260,2376066489,0.711654391681244
UMLS,QMult,random,260,2430986565,0.7220841191288969
UMLS,QMult,random,260,3087940365,0.7176017292929608
UMLS,QMult,random,260,636282949,0.684430672508838
UMLS,QMult,random,260,694443915,0.6851791930154701
UMLS,QMult,random,260,831769172,0.7454215389219884
UMLS,QMult,random,312,101022850,0.6798235171630732
UMLS,QMult,random,312,1466990855,0.6870723758707409
UMLS,QMult,random,312,1859447115,0.6756710098703885
UMLS,QMult,random,312,2164385946,0.7119507622371253
UMLS,QMult,random,312,2376066489,0.7061803748471364
UMLS,QMult,random,312,2430986565,0.6846666563698208
UMLS,QMult,random,312,3087940365,0.6906460625398223
UMLS,QMult,random,312,636282949,0.6565573852336651
UMLS,QMult,random,312,694443915,0.6880800510616069
UMLS,QMult,random,312,831769172,0.7071939954056387
UMLS,QMult,random,365,101022850,0.6675292582484375
UMLS,QMult,random,365,1466990855,0.6794537331747416
UMLS,QMult,random,365,1859447115,0.6803164483661437
UMLS,QMult,random,365,2164385946,0.6941778891141522
UMLS,QMult,random,365,2376066489,0.679120605769976
UMLS,QMult,random,365,2430986565,0.6953419860421738
UMLS,QMult,random,365,3087940365,0.6611317956189379
UMLS,QMult,random,365,636282949,0.6650326731407464
UMLS,QMult,random,365,694443915,0.6721711119483186
UMLS,QMult,random,365,831769172,0.7075877294250468
UMLS,QMult,random,417,101022850,0.6323962367871291
UMLS,QMult,random,417,1466990855,0.6446779025605008
UMLS,QMult,random,417,1859447115,0.6644161230256659
UMLS,QMult,random,417,2164385946,0.6690703487590831
UMLS,QMult,random,417,2376066489,0.6638229870364626
UMLS,QMult,random,417,2430986565,0.6459883970999397
UMLS,QMult,random,417,3087940365,0.660438429727226
UMLS,QMult,random,417,636282949,0.6422807589852564
UMLS,QMult,random,417,694443915,0.6740249915081797
UMLS,QMult,random,417,831769172,0.6895606998687794
UMLS,QMult,random,469,101022850,0.6287751616065126
UMLS,QMult,random,469,1466990855,0.623177716125371
UMLS,QMult,random,469,1859447115,0.6148995381693022
UMLS,QMult,random,469,2164385946,0.637999779298044
UMLS,QMult,random,469,2376066489,0.6361403197348329
UMLS,QMult,random,469,2430986565,0.5988714201307546
UMLS,QMult,random,469,3087940365,0.6371216542166764
UMLS,QMult,random,469,636282949,0.635077525414346
UMLS,QMult,random,469,694443915,0.6481944423120571
UMLS,QMult,random,469,831769172,0.6382631973120668
UMLS,QMult,random,52,101022850,0.7849678720152217
UMLS,QMult,random,52,1466990855,0.7976507288531179
UMLS,QMult,random,52,1859447115,0.7898054560936401
UMLS,QMult,random,52,2164385946,0.7903654634316258
UMLS,QMult,random,52,2376066489,0.8049644027621625
UMLS,QMult,random,52,2430986565,0.7867629707969291
UMLS,QMult,random,52,3087940365,0.7889865223893417
UMLS,QMult,random,52,636282949,0.7840631777475136
UMLS,QMult,random,52,694443915,0.8223067160675946
UMLS,QMult,random,52,831769172,0.8205913420841172
UMLS,QMult,random,521,101022850,0.610176967366853
UMLS,QMult,random,521,1466990855,0.6272524231570513
UMLS,QMult,random,521,1859447115,0.6334237380022149
UMLS,QMult,random,521,2164385946,0.6727054375228163
UMLS,QMult,random,521,2376066489,0.636221791474759
UMLS,QMult,random,521,2430986565,0.6095341810388041
UMLS,QMult,random,521,3087940365,0.6035985228171857
UMLS,QMult,random,521,636282949,0.5979440760967043
UMLS,QMult,random,521,694443915,0.6247982212538351
UMLS,QMult,random,521,831769172,0.64823585555734
UMLS,DeCaL,random,104,101022850,0.7962017636204611
UMLS,DeCaL,random,104,1466990855,0.7829344981209162
UMLS,DeCaL,random,104,1859447115,0.7689574622907019
UMLS,DeCaL,random,104,2164385946,0.8308229078974356
UMLS,DeCaL,random,104,2376066489,0.785901703677628
UMLS,DeCaL,random,104,2430986565,0.7925777192667408
UMLS,DeCaL,random,104,3087940365,0.7901930428637367
UMLS,DeCaL,random,104,636282949,0.7814559500669248
UMLS,DeCaL,random,104,694443915,0.7691048607731822
UMLS,DeCaL,random,104,831769172,0.7737189994508924
UMLS,DeCaL,random,156,101022850,0.7792606100896606
UMLS,DeCaL,random,156,1466990855,0.751656696037561
UMLS,DeCaL,random,156,1859447115,0.7475899136502271
UMLS,DeCaL,random,156,2164385946,0.7871986300757452
UMLS,DeCaL,random,156,2376066489,0.7604041361031165
UMLS,DeCaL,random,156,2430986565,0.7653257479338658
UMLS,DeCaL,random,156,3087940365,0.7989325614830973
UMLS,DeCaL,random,156,636282949,0.737435560749567
UMLS,DeCaL,random,156,694443915,0.7432590214747776
UMLS,DeCaL,random,156,831769172,0.7311469452676841
UMLS,DeCaL,random,208,101022850,0.769608979754925
UMLS,DeCaL,random,208,1466990855,0.7225906794056661
UMLS,DeCaL,random,208,1859447115,0.7309880707108521
UMLS,DeCaL,random,208,2164385946,0.7341181239684175
UMLS,DeCaL,random,208,2376066489,0.7387329837244347
UMLS,DeCaL,random,208,2430986565,0.7576895276574273
UMLS,DeCaL,random,208,3087940365,0.7604381375031904
UMLS,DeCaL,random,208,636282949,0.7069535290986776
UMLS,DeCaL,random,208,694443915,0.7383332005890046
UMLS,DeCaL,random,208,831769172,0.7538808519623739
UMLS,DeCaL,random,260,101022850,0.7207902303116381
UMLS,DeCaL,random,260,1466990855,0.7286698089434586
UMLS,DeCaL,random,260,1859447115,0.6915619380391946
UMLS,DeCaL,random,260,2164385946,0.7443802525025984
UMLS,DeCaL,random,260,2376066489,0.7501684319189879
UMLS,DeCaL,random,260,2430986565,0.7308899277820319
UMLS,DeCaL,random,260,3087940365,0.7352502460212946
UMLS,DeCaL,random,260,636282949,0.7088395203044429
UMLS,DeCaL,random,260,694443915,0.7374309996704169
UMLS,DeCaL,random,260,831769172,0.7243981602996479
UMLS,DeCaL,random,312,101022850,0.7359348280213633
UMLS,DeCaL,random,312,1466990855,0.6979041079701843
UMLS,DeCaL,random,312,1859447115,0.6803509714728644
UMLS,DeCaL,random,312,2164385946,0.7223569338462955
UMLS,DeCaL,random,312,2376066489,0.6956690194133419
UMLS,DeCaL,random,312,2430986565,0.7053198943681281
UMLS,DeCaL,random,312,3087940365,0.7146462060473274
UMLS,DeCaL,random,312,636282949,0.6787803550678152
UMLS,DeCaL,random,312,694443915,0.7035364432744622
UMLS,DeCaL,random,312,831769172,0.7200728707419081
UMLS,DeCaL,random,365,101022850,0.6894097725470589
UMLS,DeCaL,random,365,1466990855,0.6786170298257904
UMLS,DeCaL,random,365,1859447115,0.6512258466096118
UMLS,DeCaL,random,365,2164385946,0.7076932832284096
UMLS,DeCaL,random,365,2376066489,0.6892471146572807
UMLS,DeCaL,random,365,2430986565,0.7034610380367322
UMLS,DeCaL,random,365,3087940365,0.6996951493812213
UMLS,DeCaL,random,365,636282949,0.686410441367814
UMLS,DeCaL,random,365,694443915,0.6850233769287964
UMLS,DeCaL,random,365,831769172,0.6870344072491922
UMLS,DeCaL,random,417,101022850,0.6806362016641271
UMLS,DeCaL,random,417,1466990855,0.6805896484195869
UMLS,DeCaL,random,417,1859447115,0.6538911480018001
UMLS,DeCaL,random,417,2164385946,0.6854030503990269
UMLS,DeCaL,random,417,2376066489,0.6663502734309983
UMLS,DeCaL,random,417,2430986565,0.6663319019910144
UMLS,DeCaL,random,417,3087940365,0.6797204398690991
UMLS,DeCaL,random,417,636282949,0.6707162986458858
UMLS,DeCaL,random,417,694443915,0.6762115571806286
UMLS,DeCaL,random,417,831769172,0.666734263467444
UMLS,DeCaL,random,469,101022850,0.6784867294320845
UMLS,DeCaL,random,469,1466990855,0.6482983896347827
UMLS,DeCaL,random,469,1859447115,0.6514284681362957
UMLS,DeCaL,random,469,2164385946,0.679596405156509
UMLS,DeCaL,random,469,2376066489,0.6813786165634104
UMLS,DeCaL,random,469,2430986565,0.6675584516238003
UMLS,DeCaL,random,469,3087940365,0.6833567422153382
UMLS,DeCaL,random,469,636282949,0.6527281636977944
UMLS,DeCaL,random,469,694443915,0.6799367403019977
UMLS,DeCaL,random,469,831769172,0.6649277468934575
UMLS,DeCaL,random,52,101022850,0.817477869016417
UMLS,DeCaL,random,52,1466990855,0.7675817337495235
UMLS,DeCaL,random,52,1859447115,0.7898490533927618
UMLS,DeCaL,random,52,2164385946,0.818680074639082
UMLS,DeCaL,random,52,2376066489,0.8200696263603021
UMLS,DeCaL,random,52,2430986565,0.8127040949669605
UMLS,DeCaL,random,52,3087940365,0.8126645382277337
UMLS,DeCaL,random,52,636282949,0.7986910892452868
UMLS,DeCaL,random,52,694443915,0.7988380417278631
UMLS,DeCaL,random,52,831769172,0.7881284104381248
UMLS,DeCaL,random,521,101022850,0.6485455059811353
UMLS,DeCaL,random,521,1466990855,0.6583098607579645
UMLS,DeCaL,random,521,1859447115,0.6559128006299443
UMLS,DeCaL,random,521,2164385946,0.6477631421728769
UMLS,DeCaL,random,521,2376066489,0.6479767654775505
UMLS,DeCaL,random,521,2430986565,0.6519730172663603
UMLS,DeCaL,random,521,3087940365,0.6592008231935306
UMLS,DeCaL,random,521,636282949,0.6515446139511727
UMLS,DeCaL,random,521,694443915,0.6564640361372918
UMLS,DeCaL,random,521,831769172,0.6588107688821728

