ratios,208,312,417,521,625,730
active,0.5541,0.5094,0.4934,0.4672,0.4219,0.4130
random,0.5549,0.5114,0.4719,0.4606,0.4213,0.4165
centrality,0.5808,0.5619,0.5558,0.5483,0.5087,0.4738
clean,0.6226565122969492

ratios,208,312,417,521,625,730
active,0.5023,0.5149,0.4886,0.4301,0.4432,0.4048
random,0.5078,0.5354,0.4766,0.4498,0.4606,0.4206
centrality,0.5682,0.5438,0.5354,0.5096,0.5182,0.4882
clean,0.5912998069673004

ratios,208,312,417,521,625,730
active,0.5475,0.5066,0.4971,0.4556,0.4071,0.4208
random,0.5549,0.5114,0.4719,0.4606,0.4213,0.4165
centrality,0.5808,0.5619,0.5558,0.5483,0.5087,0.4738
clean,0.6226565122969492

ratios,208,312,417,521,625,730
active,0.5482,0.5238,0.4554,0.4609,0.4271,0.3927
random,0.5549,0.5114,0.4719,0.4606,0.4213,0.4165
centrality,0.5808,0.5619,0.5558,0.5483,0.5087,0.4738
clean,0.6226565122969492

ratios,208,312,417,521,625,730
active,0.5651,0.5244,0.4710,0.4452,0.4097,0.4503
random,0.5549,0.5114,0.4719,0.4606,0.4213,0.4165
centrality,0.5808,0.5619,0.5558,0.5483,0.5087,0.4738
clean,0.6226565122969492

ratios,208,312,417,521,625,730
active,0.5560,0.5568,0.5202,0.4576,0.4205,0.3958
random,0.5549,0.5114,0.4719,0.4606,0.4213,0.4165
centrality,0.5808,0.5619,0.5558,0.5483,0.5087,0.4738
clean,0.6226565122969492

ratios,208,312,417,521,625,730
active,0.5539,0.5015,0.4751,0.4452,0.4238,0.3972
random,0.5549,0.5114,0.4719,0.4606,0.4213,0.4165
centrality,0.5808,0.5619,0.5558,0.5483,0.5087,0.4738
clean,0.6226565122969492

ratios,208,312,417,521,625,730
active,0.5427,0.5106,0.4685,0.4788,0.4481,0.4245
random,0.5549,0.5114,0.4719,0.4606,0.4213,0.4165
centrality,0.5808,0.5619,0.5558,0.5483,0.5087,0.4738
clean,0.6226565122969492

ratios,208,312,417,521,625,730
active,0.6533,0.6078,0.5598,0.5227,0.4850,0.4696
random,0.6583,0.5881,0.5630,0.5723,0.5111,0.4657
centrality,0.7187,0.7023,0.6665,0.6254,0.5961,0.5822
clean,0.7640201020595752

ratios,208,312,417,521,625,730
active,0.4145,0.4308,0.3797,0.3686,0.3820,0.3444
random,0.3993,0.3965,0.3966,0.3816,0.3557,0.3523
centrality,0.4616,0.4298,0.4117,0.4436,0.4601,0.4338
clean,0.4510588052713926

ratios,208,312,417,521,625,730
active,0.5277,0.6139,0.5230,0.5453,0.5510,0.5114
random,0.6882,0.6146,0.6021,0.5780,0.4764,0.4797
centrality,0.7620,0.2349,0.6308,0.5955,0.5548,0.5018
clean,0.7919303175190928

ratios,208,312,417,521,625,730
active,0.6947,0.6139,0.5230,0.5453,0.5510,0.5114
random,0.6882,0.6146,0.6021,0.5780,0.4764,0.4797
centrality,0.7620,0.2349,0.6308,0.5955,0.5548,0.5018
clean,0.7919303175190928

ratios,208,312,417,521,625,730
active,0.6947,0.6139,0.5230,0.5453,0.5510,0.5114
random,0.6882,0.6146,0.6021,0.5780,0.4764,0.4797
centrality,0.7620,0.2349,0.6308,0.5955,0.5548,0.5018
clean,0.7919303175190928

ratios,208,312,417,521,625,730
active,0.6302,0.6248,0.6037,0.5184,0.5266,0.3992
random,0.6882,0.6146,0.6021,0.5780,0.4764,0.4797
centrality,0.7620,0.2349,0.6308,0.5955,0.5548,0.5018
clean,0.7919303175190928

ratios,208,312,417,521,625,730
active,0.6776,0.6079,0.5410,0.2739,0.5008,0.4784
random,0.6882,0.6146,0.6021,0.5780,0.4764,0.4797
centrality,0.7620,0.2349,0.6308,0.5955,0.5548,0.5018
clean,0.7919303175190928

ratios,208,312,417,521,625,730
active,0.6776,0.6079,0.5410,0.2739,0.5008,0.4784
random,0.6882,0.6146,0.6021,0.5780,0.4764,0.4797
centrality,0.7620,0.2349,0.6308,0.5955,0.5548,0.5018
clean,0.7919303175190928

ratios,208,312,417,521,625,730
active,0.6569,0.6430,0.6062,0.4931,0.5107,0.4871
random,0.6882,0.6146,0.6021,0.5780,0.4764,0.4797
centrality,0.7620,0.2349,0.6308,0.5955,0.5548,0.5018
clean,0.7919303175190928

ratios,208,312,417,521,625,730
active,0.6825,0.6285,0.5868,0.5217,0.5187,0.4775
random,0.6882,0.6146,0.6021,0.5780,0.4764,0.4797
centrality,0.7620,0.2349,0.6308,0.5955,0.5548,0.5018
clean,0.7919303175190928

ratios,208,312,417,521,625,730
active,0.6766,0.6147,0.5807,0.5778,0.5347,0.1715
random,0.6882,0.6146,0.6021,0.5780,0.4764,0.4797
centrality,0.7620,0.2349,0.6308,0.5955,0.5548,0.5018
clean,0.7919303175190928

ratios,208,312,417,521,625,730
active,0.6766,0.6147,0.5807,0.5778,0.5347,0.1715
random,0.6882,0.6146,0.6021,0.5780,0.4764,0.4797
centrality,0.7620,0.2349,0.6308,0.5955,0.5548,0.5018
clean,0.7919303175190928

ratios,208,312,417,521,625,730
active,0.6555,0.5745,0.3849,0.4846,0.5406,0.4247
random,0.6882,0.6146,0.6021,0.5780,0.4764,0.4797
centrality,0.7620,0.2349,0.6308,0.5955,0.5548,0.5018
clean,0.7919303175190928

ratios,208,312,417,521,625,730
active,0.6825,0.6285,0.5868,0.5217,0.5187,0.4775
random,0.6882,0.6146,0.6021,0.5780,0.4764,0.4797
centrality,0.7620,0.2349,0.6308,0.5955,0.5548,0.5018
clean,0.7919303175190928

ratios,208,312,417,521,625,730
active,0.6568,0.6421,0.5744,0.5279,0.5345,0.4721
random,0.6882,0.6146,0.6021,0.5780,0.4764,0.4797
centrality,0.7620,0.2349,0.6308,0.5955,0.5548,0.5018
clean,0.7919303175190928

ratios,100,200,300,400,500,600,700,800
active,0.6756,0.6583,0.5762,0.5887,0.5484,0.5101,0.4946,0.4637
random,0.7016,0.7174,0.6596,0.6170,0.5492,0.5378,0.5081,0.5061
centrality,0.7274,0.7603,0.7118,0.7145,0.6195,0.6261,0.6330,0.5682
clean,0.7919303175190928

ratios,100,200,300,400,500,600,700,800
active,0.6756,0.6583,0.5762,0.5887,0.5484,0.5101,0.4946,0.4637
random,0.7016,0.7174,0.6596,0.6170,0.5492,0.5378,0.5081,0.5061
centrality,0.7274,0.7603,0.7118,0.7145,0.6195,0.6261,0.6330,0.5682
clean,0.7919303175190928

ratios,100,200,300,400,500,600,700,800
active,0.5586,0.5663,0.4936,0.4823,0.4543,0.4132,0.3972,0.3899
random,0.5756,0.5453,0.5120,0.5092,0.4435,0.4542,0.4240,0.3884
centrality,0.6185,0.5706,0.5816,0.5602,0.5154,0.4710,0.4833,0.4657
clean,0.6226565122969492

ratios,100,200,300,400,500,600,700,800
active,0.5867,0.5533,0.5190,0.5085,0.4532,0.4237,0.4182,0.3706
random,0.5756,0.5453,0.5120,0.5092,0.4435,0.4542,0.4240,0.3884
centrality,0.6185,0.5706,0.5816,0.5602,0.5154,0.4710,0.4833,0.4657
clean,0.6226565122969492

ratios,100,200,300,400,500,600,700,800
active,0.5867,0.5533,0.5190,0.5085,0.4532,0.4237,0.4182,0.3706
random,0.5756,0.5453,0.5120,0.5092,0.4435,0.4542,0.4240,0.3884
centrality,0.6185,0.5706,0.5816,0.5602,0.5154,0.4710,0.4833,0.4657
clean,0.6226565122969492

ratios,100,200,300,400,500,600,700,800
active,0.7300,0.6715,0.6002,0.5787,0.5431,0.5073,0.5006,0.4463
random,0.7153,0.6801,0.6404,0.5959,0.5680,0.5240,0.5109,0.4597
centrality,0.7331,0.7207,0.6980,0.6780,0.6538,0.5599,0.5875,0.5559
clean,0.7584196290793428

ratios,100,200,300,400,500,600,700,800
active,0.7150,0.6584,0.5972,0.5572,0.5409,0.5255,0.4812,0.4287
random,0.7153,0.6801,0.6404,0.5959,0.5680,0.5240,0.5109,0.4597
centrality,0.7331,0.7207,0.6980,0.6780,0.6538,0.5599,0.5875,0.5559
clean,0.7584196290793428

ratios,100,200,300,400,500,600,700,800
active,0.7116,0.6533,0.6180,0.5776,0.5494,0.4986,0.4852,0.4401
random,0.7153,0.6801,0.6404,0.5959,0.5680,0.5240,0.5109,0.4597
centrality,0.7331,0.7207,0.6980,0.6780,0.6538,0.5599,0.5875,0.5559
clean,0.7584196290793428

ratios,100,200,300,400,500,600,700,800
active,0.7191,0.6436,0.6022,0.5880,0.5144,0.5296,0.4785,0.4760
random,0.7153,0.6801,0.6404,0.5959,0.5680,0.5240,0.5109,0.4597
centrality,0.7331,0.7207,0.6980,0.6780,0.6538,0.5599,0.5875,0.5559
clean,0.7584196290793428

ratios,100,200,300,400,500,600,700,800
active,0.6925,0.6716,0.5868,0.5867,0.5324,0.5261,0.4828,0.4425
random,0.7153,0.6801,0.6404,0.5959,0.5680,0.5240,0.5109,0.4597
centrality,0.7331,0.7207,0.6980,0.6780,0.6538,0.5599,0.5875,0.5559
clean,0.7584196290793428

ratios,100,200,300,400,500,600,700,800
active,0.7116,0.6533,0.6180,0.5776,0.5494,0.4986,0.4852,0.4401
random,0.7153,0.6801,0.6404,0.5959,0.5680,0.5240,0.5109,0.4597
centrality,0.7331,0.7207,0.6980,0.6780,0.6538,0.5599,0.5875,0.5559
clean,0.7584196290793428

ratios,100,200,300,400,500,600,700,800
active,0.6778,0.6506,0.6197,0.5934,0.5775,0.5190,0.4854,0.4893
random,0.7153,0.6801,0.6404,0.5959,0.5680,0.5240,0.5109,0.4597
centrality,0.7331,0.7207,0.6980,0.6780,0.6538,0.5599,0.5875,0.5559
clean,0.7584196290793428

ratios,100,200,300,400,500,600,700,800
active,0.6829,0.6775,0.6242,0.5586,0.5283,0.4898,0.4788,0.4765
random,0.7153,0.6801,0.6404,0.5959,0.5680,0.5240,0.5109,0.4597
centrality,0.7331,0.7207,0.6980,0.6780,0.6538,0.5599,0.5875,0.5559
clean,0.7584196290793428

ratios,100,200,300,400,500,600,700,800
active,0.6723,0.6644,0.6042,0.5919,0.5436,0.5324,0.4975,0.4678
random,0.7153,0.6801,0.6404,0.5959,0.5680,0.5240,0.5109,0.4597
centrality,0.7331,0.7207,0.6980,0.6780,0.6538,0.5599,0.5875,0.5559
clean,0.7584196290793428

ratios,100,200,300,400,500,600,700,800
active,0.7001,0.6508,0.5956,0.5616,0.5455,0.5310,0.4778,0.4427
random,0.7153,0.6801,0.6404,0.5959,0.5680,0.5240,0.5109,0.4597
centrality,0.7331,0.7207,0.6980,0.6780,0.6538,0.5599,0.5875,0.5559
clean,0.7584196290793428

ratios,100,200,300,400,500,600,700,800
active,0.7133,0.6597,0.6405,0.6048,0.5627,0.5336,0.5087,0.4959
random,0.7232,0.6550,0.6410,0.5840,0.5471,0.5171,0.5020,0.4714
centrality,0.7571,0.7668,0.7416,0.7148,0.7045,0.6662,0.6239,0.6355
clean,0.7584196290793428

ratios,100,200,300,400,500,600,700,800
active,0.7205,0.6496,0.6520,0.5971,0.5722,0.5195,0.4924,0.4906
random,0.6884,0.6481,0.6087,0.5597,0.5078,0.4801,0.4485,0.4207
centrality,0.7361,0.7044,0.6977,0.6469,0.6208,0.5912,0.5629,0.4977
clean,0.7584196290793428

ratios,100,200,300,400,500,600,700,800
active,0.7187,0.6606,0.6444,0.6206,0.5707,0.5604,0.5314,0.5468
random,0.7020,0.6395,0.5759,0.5326,0.5258,0.4725,0.4534,0.4341
centrality,0.7304,0.7110,0.7054,0.6910,0.6414,0.5940,0.5860,0.5744
clean,0.7584196290793428

ratios,100,200,300,400,500,600,700,800
active,0.7001,0.6508,0.5956,0.5616,0.5455,0.5310,0.4778,0.4427
random,0.7153,0.6801,0.6404,0.5959,0.5680,0.5240,0.5109,0.4597
centrality,0.7331,0.7207,0.6980,0.6780,0.6538,0.5599,0.5875,0.5559
clean,0.7584196290793428

ratios,100,200,300,400,500,600,700,800
active,0.7258,0.6549,0.6560,0.6281,0.5787,0.5256,0.5203,0.4698
random,0.6955,0.6430,0.5813,0.5720,0.5025,0.5086,0.4864,0.4257
centrality,0.7472,0.7056,0.7180,0.6706,0.6568,0.6175,0.5662,0.5801
clean,0.7584196290793428

ratios,100,200,300,400,500,600,700,800
active,0.7170,0.6627,0.6519,0.6332,0.6039,0.5492,0.5666,0.5171
random,0.6955,0.6430,0.5813,0.5720,0.5025,0.5086,0.4864,0.4257
centrality,0.7472,0.7056,0.7180,0.6706,0.6568,0.6175,0.5662,0.5801
clean,0.7584196290793428

ratios,100,200,300,400,500,600,700,800
active,0.7165,0.7161,0.6719,0.7060,0.6457,0.6156,0.5846,0.5889
random,0.6955,0.6430,0.5813,0.5720,0.5025,0.5086,0.4864,0.4257
centrality,0.7472,0.7056,0.7180,0.6706,0.6568,0.6175,0.5662,0.5801
clean,0.7584196290793428

ratios,100,200,300,400,500,600,700,800
active,0.7388,0.6626,0.6340,0.6207,0.5547,0.5164,0.4751,0.4811
random,0.7153,0.6801,0.6404,0.5959,0.5680,0.5240,0.5109,0.4597
centrality,0.7331,0.7207,0.6980,0.6780,0.6538,0.5599,0.5875,0.5559
clean,0.7584196290793428

ratios,100,200,300,400,500,600,700,800
active,0.6900,0.6527,0.5964,0.5951,0.5311,0.5130,0.4969,0.4573
random,0.7153,0.6801,0.6404,0.5959,0.5680,0.5240,0.5109,0.4597
centrality,0.7331,0.7207,0.6980,0.6780,0.6538,0.5599,0.5875,0.5559
clean,0.7584196290793428

ratios,100,200,300,400,500,600,700,800
active,0.7016,0.6647,0.6264,0.6073,0.5459,0.5249,0.5286,0.4639
random,0.7153,0.6801,0.6404,0.5959,0.5680,0.5240,0.5109,0.4597
centrality,0.7331,0.7207,0.6980,0.6780,0.6538,0.5599,0.5875,0.5559
clean,0.7584196290793428

ratios,100,200,300,400,500,600,700,800
active,0.7001,0.6508,0.5956,0.5616,0.5455,0.5310,0.4778,0.4427
random,0.7153,0.6801,0.6404,0.5959,0.5680,0.5240,0.5109,0.4597
centrality,0.7331,0.7207,0.6980,0.6780,0.6538,0.5599,0.5875,0.5559
clean,0.7584196290793428

ratios,100,200,300,400,500,600,700,800
active,0.7388,0.6626,0.6340,0.6207,0.5547,0.5164,0.4751,0.4811
random,0.7153,0.6801,0.6404,0.5959,0.5680,0.5240,0.5109,0.4597
centrality,0.7331,0.7207,0.6980,0.6780,0.6538,0.5599,0.5875,0.5559
clean,0.7584196290793428

ratios,100,200,300,400,500,600,700,800
active,0.7845,0.7618,0.7288,0.7364,0.7290,0.7259,0.7312,0.7024
random,0.7153,0.6801,0.6404,0.5959,0.5680,0.5240,0.5109,0.4597
centrality,0.7331,0.7207,0.6980,0.6780,0.6538,0.5599,0.5875,0.5559
clean,0.7584196290793428

ratios,100,200,300,400,500,600,700,800
active
random,0.7153,0.6801,0.6404,0.5959,0.5680,0.5240,0.5109,0.4597
centrality,0.7331,0.7207,0.6980,0.6780,0.6538,0.5599,0.5875,0.5559
res_adverserial,0.7845,0.7618,0.7288,0.7364,0.7290,0.7259,0.7312,0.7024
res_adverserial_defend,0.7818,0.7551,0.7428,0.6991,0.6338,0.6865,0.6638,0.6293
clean,0.7584196290793428

ratios,100,200,300,400,500,600,700,800
active,0.7845,0.7618,0.7288,0.7364,0.7290,0.7259,0.7312,0.7024
random,0.7153,0.6801,0.6404,0.5959,0.5680,0.5240,0.5109,0.4597
centrality,0.7331,0.7207,0.6980,0.6780,0.6538,0.5599,0.5875,0.5559
res_adverserial,0.8014,0.7618,0.7288,0.7364,0.7290,0.7259,0.7312,0.7024
res_adverserial_defend,0.7962,0.7551,0.7428,0.6991,0.6338,0.6865,0.6638,0.6293
clean,0.7584196290793428

ratios,100,200,300,400,500,600,700,800
active,0.7001,0.6508,0.5956,0.5616,0.5455,0.5310,0.4778,0.4427
random,0.7153,0.6801,0.6404,0.5959,0.5680,0.5240,0.5109,0.4597
centrality,0.7331,0.7207,0.6980,0.6780,0.6538,0.5599,0.5875,0.5559
res_adverserial,0.8014,0.7618,0.7288,0.7364,0.7290,0.7259,0.7312,0.7024
res_adverserial_defend,0.7962,0.7551,0.7428,0.6991,0.6338,0.6865,0.6638,0.6293
clean,0.7584196290793428

ratios,100,200,300,400,500,600,700,800
active,0.7001,0.6508,0.5956,0.5616,0.5455,0.5310,0.4778,0.4427
random,0.7172,0.6773,0.6256,0.5896,0.5579,0.5420,0.4622,0.4556
centrality,0.7331,0.7207,0.6980,0.6780,0.6538,0.5599,0.5875,0.5559
res_adverserial,0.8014,0.7618,0.7288,0.7364,0.7290,0.7259,0.7312,0.7024
res_adverserial_defend,0.7340,0.6596,0.6035,0.5781,0.5621,0.4866,0.4856,0.4363
clean,0.7584196290793428

ratios,100,200,300,400,500,600,700,800
active,0.7001,0.6508,0.5956,0.5616,0.5455,0.5310,0.4778,0.4427
random,0.7172,0.6773,0.6256,0.5896,0.5579,0.5420,0.4622,0.4556
centrality,0.7331,0.7207,0.6980,0.6780,0.6538,0.5599,0.5875,0.5559
res_adverserial,0.8014,0.7618,0.7288,0.7364,0.7290,0.7259,0.7312,0.7024
res_adverserial_defend,0.7164,0.6939,0.6023,0.5803,0.5364,0.4890,0.4806,0.4290
clean,0.7584196290793428

ratios,100,200,300,400,500,600,700,800
active,0.7001,0.6508,0.5956,0.5616,0.5455,0.5310,0.4778,0.4427
random,0.7172,0.6773,0.6256,0.5896,0.5579,0.5420,0.4622,0.4556
centrality,0.7331,0.7207,0.6980,0.6780,0.6538,0.5599,0.5875,0.5559
res_adverserial,0.7460,0.7134,0.7032,0.6538,0.6367,0.5792,0.5889,0.5398
res_adverserial_defend,0.7160,0.6759,0.6351,0.5796,0.5321,0.4796,0.4931,0.4728
clean,0.7584196290793428

ratios,100,200,300,400,500,600,700,800
active,0.7001,0.6508,0.5956,0.5616,0.5455,0.5310,0.4778,0.4427
random,0.7172,0.6773,0.6256,0.5896,0.5579,0.5420,0.4622,0.4556
centrality,0.7331,0.7207,0.6980,0.6780,0.6538,0.5599,0.5875,0.5559
res_adverserial,0.7412,0.7102,0.6630,0.6193,0.6308,0.5877,0.5709,0.5318
res_adverserial_defend,0.7196,0.6899,0.6241,0.5993,0.5312,0.5112,0.4702,0.4629
clean,0.7584196290793428

ratios,100,200,300,400,500,600,700,800
active,0.7342,0.6869,0.6924,0.6536,0.6146,0.5644,0.5551,0.5409
random,0.7552,0.7100,0.6711,0.6347,0.6373,0.6098,0.5672,0.5615
centrality,0.7331,0.7207,0.6980,0.6780,0.6538,0.5599,0.5875,0.5559
res_adverserial,0.7609,0.7724,0.7571,0.7421,0.7007,0.6988,0.6770,0.6876
res_adverserial_defend,0.7369,0.6734,0.6126,0.5682,0.5493,0.5177,0.4848,0.4607
clean,0.7584196290793428

ratios,100,200,300,400,500,600,700,800
active,0.7342,0.6869,0.6924,0.6536,0.6146,0.5644,0.5551,0.5409
random,0.7552,0.7100,0.6711,0.6347,0.6373,0.6098,0.5672,0.5615
centrality,0.7331,0.7207,0.6980,0.6780,0.6538,0.5599,0.5875,0.5559
res_adverserial,0.7712,0.7484,0.7721,0.7206,0.7010,0.7042,0.6898,0.6728
res_adverserial_defend,0.7129,0.6632,0.6033,0.5812,0.5314,0.5291,0.4958,0.4690
clean,0.7584196290793428

ratios,100,200,300,400,500,600,700,800
active,0.7342,0.6869,0.6924,0.6536,0.6146,0.5644,0.5551,0.5409
random,0.7552,0.7100,0.6711,0.6347,0.6373,0.6098,0.5672,0.5615
centrality,0.7331,0.7207,0.6980,0.6780,0.6538,0.5599,0.5875,0.5559
res_adverserial,0.7542,0.7366,0.7290,0.6907,0.7190,0.6958,0.6694,0.6646
res_adverserial_defend,0.7188,0.6804,0.6103,0.5707,0.5529,0.5126,0.4504,0.4419
clean,0.7584196290793428

ratios,100,200,300,400,500,600,700,800
active,0.7342,0.6869,0.6924,0.6536,0.6146,0.5644,0.5551,0.5409
random,0.7552,0.7100,0.6711,0.6347,0.6373,0.6098,0.5672,0.5615
centrality,0.7331,0.7207,0.6980,0.6780,0.6538,0.5599,0.5875,0.5559
res_adverserial,0.7542,0.7366,0.7290,0.6907,0.7190,0.6958,0.6694,0.6646
res_adverserial_defend,0.7436,0.6910,0.6156,0.5701,0.5203,0.4979,0.4783,0.4330
clean,0.7584196290793428

ratios,100,200,300,400,500,600,700,800
active,0.7342,0.6869,0.6924,0.6536,0.6146,0.5644,0.5551,0.5409
random,0.7552,0.7100,0.6711,0.6347,0.6373,0.6098,0.5672,0.5615
centrality,0.7331,0.7207,0.6980,0.6780,0.6538,0.5599,0.5875,0.5559
res_adverserial,0.7412,0.7102,0.6630,0.6193,0.6308,0.5877,0.5709,0.5318
res_adverserial_defend,0.7484,0.6731,0.5985,0.5856,0.5544,0.4799,0.4773,0.4286
clean,0.7584196290793428

ratios,100,200,300,400,500,600,700,800
active,0.7541,0.6964,0.6582,0.6097,0.6397,0.5717,0.5560,0.5039
random,0.7532,0.7064,0.6860,0.6496,0.6131,0.5803,0.5487,0.5237
centrality,0.7331,0.7207,0.6980,0.6780,0.6538,0.5599,0.5875,0.5559
res_adverserial,0.7109,0.6949,0.6758,0.6347,0.6031,0.5636,0.5755,0.5477
res_adverserial_defend,0.7659,0.7455,0.7239,0.7184,0.6418,0.6679,0.6780,0.6560
clean,0.7584196290793428

ratios,500
active,0.5922
res_adverserial,0.7379
res_adverserial_defend,0.5310

ratios,500
active,0.5922
res_adverserial,0.7379
res_adverserial_defend,0.5520

ratios,500
active,0.5922
res_adverserial,0.7379
res_adverserial_defend,0.5041

ratios,500
active,0.5922
res_adverserial,0.7227
res_adverserial_defend,0.5438

ratios,500
active,0.5922
res_adverserial,0.7622
res_adverserial_defend,0.5314

ratios,500
active,0.5922
res_adverserial,0.7379
res_adverserial_defend,0.5196

ratios,500
active,0.5922
res_adverserial,0.7379
res_adverserial_defend,0.6707

ratios,500
active,0.5922
res_adverserial,0.7379
res_adverserial_defend,0.6227

ratios,500
active,0.5922
res_adverserial,0.7379
res_adverserial_defend,0.6336

ratios,500
active,0.5922
res_adverserial,0.6389
res_adverserial_defend,0.6336

ratios,500
active,0.5922
res_adverserial,0.7817
res_adverserial_defend,0.6336

ratios,500
active,0.5922
res_adverserial,0.7290
res_adverserial_defend,0.6336

ratios,500
active,0.5922
res_adverserial,0.6389
res_adverserial_defend,0.6336

ratios,500
active,0.7111
random,0.6841
res_adverserial,0.6421
res_adverserial_defend,0.6158

ratios,500
active,0.6519
random,0.6841
res_adverserial,0.6421
res_adverserial_defend,0.6158

ratios,500
active,0.6444
random,0.5289
res_adverserial,0.6421
res_adverserial_defend,0.6387

ratios,500
active,0.5721
random,0.5507
res_adverserial,0.6389
res_adverserial_defend,0.6278

ratios,500
active,0.5721
random,0.5384
res_adverserial,0.6389
res_adverserial_defend,0.6199

ratios,500
active,0.5721
random,0.6248
res_adverserial,0.6389
res_adverserial_defend,0.6205

ratios,500
active,0.5721
random,0.6177
res_adverserial,0.6389
res_adverserial_defend,0.6334

ratios,500
active,0.5721
random,0.6532
res_adverserial,0.7379
res_adverserial_defend

ratios,100,200,300,400,500,600,700,800
active,0.6990,0.6793,0.6293,0.6245,0.5721,0.5133,0.4931,0.4684
random,0.7401,0.7109,0.6916,0.6292,0.6373,0.6041,0.5764,0.5629
res_adverserial,0.7804,0.7732,0.7457,0.7346,0.7379,0.7175,0.6838,0.6810
res_adverserial_defend

ratios,100,200,300,400,500,600,700,800
active,0.6990,0.6793,0.6293,0.6245,0.5721,0.5133,0.4931,0.4684
random,0.7421,0.7461,0.6571,0.6384,0.6032,0.5822,0.5754,0.5578
res_adverserial,0.7419,0.7647,0.7492,0.7512,0.7258,0.6881,0.6862,0.7040

ratios,100,200,300,400,500,600,700,800
active,0.6990,0.6793,0.6293,0.6245,0.5721,0.5133,0.4931,0.4684
random,0.7150,0.6994,0.6704,0.6514,0.6381,0.6148,0.5799,0.5332
res_adverserial,0.7459,0.7115,0.6710,0.6196,0.5805,0.5760,0.5297,0.5023

ratios,100,200,300,400,500,600,700,800
active,0.6990,0.6793,0.6293,0.6245,0.5721,0.5133,0.4931,0.4684
random,0.7325,0.7096,0.6861,0.6752,0.6260,0.5969,0.5999,0.5429
res_adverserial,0.7358,0.7478,0.7195,0.6841,0.6660,0.6267,0.6054,0.5837

ratios,100,200,300,400,500,600,700,800
active,0.6990,0.6793,0.6293,0.6245,0.5721,0.5133,0.4931,0.4684
random,0.7293,0.6879,0.6869,0.6665,0.6052,0.6017,0.5793,0.5507
res_adverserial,0.7206,0.7084,0.6437,0.6319,0.5557,0.5932,0.5489,0.5357

ratios,100,200,300,400,500,600,700,800
active,0.7362,0.6782,0.6788,0.6438,0.6444,0.6285,0.5688,0.5555
random,0.7225,0.6896,0.6677,0.6563,0.6129,0.5786,0.5551,0.5837
res_adverserial

ratios,100,200,300,400,500,600,700,800
active,0.7484,0.7483,0.7155,0.7436,0.7192,0.6893,0.6743,0.6738
random,0.7237,0.7888,0.7533,0.7305,0.7001,0.6466,0.6593,0.6479

ratios,500
active,0.6515
random,0.5149

ratios,500
active,0.7033
random,0.6072

ratios,500
active,0.6940
random,0.6156

ratios,500
active,0.7491
random,0.6987

ratios,500
active,0.7192
random,0.6846

ratios,500
active,0.5721
random,0.5201

ratios,500
active,0.5721
random,0.5276

ratios,500
active,0.5721
random,0.5630

ratios,500
active,0.5398
random,0.5361

ratios,100,200,300,400,500,600,700,800
active,0.6772,0.6793,0.6293,0.6245,0.5721,0.5133,0.4931,0.4684
random,0.7031,0.6855,0.6088,0.5908,0.5226,0.5060,0.5038,0.4745

ratios,1,10,20,50,100
active,0.7640,0.7406,0.7599,0.7339,0.6990
random,0.7288,0.7686,0.7022,0.7514,0.7104

ratios,100,200,300,400,500
active,0.6990,0.6793,0.6293,0.6245,0.5721
random,0.7028,0.6450,0.5995,0.5771,0.5395

ratios,100,200,300
active,0.1300,0.1839,0.1531
random,0.2435,0.1523,0.0921

ratios,100,200,300,400,500,600,700,800
active,0.6990,0.6793,0.6293,0.6245,0.5721,0.5133,0.4931,0.4684
random,0.7082,0.6506,0.6221,0.5619,0.5772,0.5175,0.4595,0.4522

ratios,500,600
active,0.5455,0.5310
random,0.4952,0.4786

ratios,500,600
active,0.5721,0.5133
random,0.5465,0.5011

ratios,500,600
active,0.5721,0.5133
random,0.5349,0.5169

ratios,500,600
active,0.6397,0.5717
random,0.6011,0.5866

ratios,400,500,600
active,0.5616,0.5455,0.5310
random,0.5885,0.5342,0.5168

ratios,200,300,400,500,600
active,0.6793,0.6293,0.6245,0.5721,0.5133
random,0.6490,0.5962,0.5533,0.5349,0.5006

ratios,200,300,400,500,600
active,0.7671,0.7797,0.7336,0.7491,0.7183
random,0.7351,0.7319,0.7269,0.7152,0.6779

ratios,200,300,400,500,600
active,0.7670,0.7431,0.7507,0.7184,0.7254
random,0.7596,0.7512,0.7643,0.7079,0.6703

ratios,200,300,400,500,600
active,0.7690,0.7754,0.7457,0.7087,0.7104
random,0.7622,0.7113,0.6919,0.7298,0.7093

ratios,200,300,400,500,600
active,0.7515,0.7551,0.7452,0.7006,0.6964
random,0.6725,0.6275,0.5688,0.5216,0.4574

ratios,100,200,300,400,500,600,700,800,900
active,0.7981,0.7515,0.7551,0.7452,0.7006,0.6964,0.6936,0.6593,0.6838
random,0.7385,0.6569,0.5990,0.5644,0.5377,0.4912,0.5051,0.4644,0.4310

ratios,100,200,300,400,500,600,700,800,900
active,0.7556,0.7679,0.7994,0.7601,0.7588,0.7326,0.6969,0.7010,0.7130
random,0.7184,0.6523,0.6060,0.5637,0.5238,0.4998,0.4573,0.4482,0.4241

ratios,100,200,300,400,500,600,700,800,900
active,0.7929,0.7593,0.7442,0.7231,0.7316,0.7002,0.7109,0.7097,0.7047
random,0.7047,0.6624,0.5836,0.5631,0.5366,0.5117,0.4604,0.4587,0.4278

ratios,100,200,300,400,500,600,700,800,900
active,0.7828,0.7634,0.7816,0.8012,0.7578,0.7491,0.7631,0.7332,0.7411
random,0.7157,0.6532,0.6249,0.5473,0.5242,0.5361,0.4871,0.4789,0.4383

ratios,100,200,300,400,500,600,700,800,900
active,0.6817,0.6709,0.6281,0.5852,0.5440,0.5385,0.4883,0.4733,0.4771
random,0.7191,0.6505,0.6237,0.5414,0.5600,0.5075,0.4701,0.4540,0.4183

ratios,100,200,300,400,500,600,700,800,900
active,0.7146,0.6545,0.5999,0.5595,0.5464,0.5210,0.4666,0.4539,0.4311
random,0.7166,0.6376,0.5886,0.5164,0.5204,0.5287,0.4578,0.4302,0.4222

ratios,100,200,300,400,500,600,700,800,900
active,0.7299,0.6534,0.6134,0.5606,0.5419,0.5211,0.4874,0.4885,0.4624
random,0.6785,0.6683,0.6211,0.5670,0.5054,0.5014,0.4755,0.4518,0.4408

ratios,100,200,300,400,500,600,700,800,900
active,0.6889,0.6567,0.6579,0.5984,0.5650,0.5410,0.5066,0.4857,0.4898
random,0.7148,0.6553,0.6006,0.5373,0.5268,0.4759,0.4663,0.4607,0.4348

ratios,100,200,300,400,500,600,700,800,900
active,0.7981,0.7515,0.7551,0.7452,0.7006,0.6964,0.6936,0.6593,0.6838
random,0.7309,0.7420,0.7519,0.7135,0.7025,0.6810,0.6811,0.6775,0.6579

ratios,100,200,300,400,500,600,700,800,900
active,0.7981,0.7515,0.7551,0.7452,0.7006,0.6964,0.6936,0.6593,0.6838
random,0.7218,0.6575,0.6211,0.5483,0.5155,0.4832,0.4564,0.4492,0.4429

ratios,100,200,300,400,500,600,700,800,900
active,0.7403,0.7403,0.7403,0.7403,0.7403,0.7403,0.7403,0.7403,0.7403
random,0.7235,0.7286,0.6800,0.6516,0.6377,0.5989,0.5555,0.5532,0.5242

ratios,100,200,300,400,500,600,700,800,900
active,0.7403,0.7403,0.7403,0.7403,0.7403,0.7403,0.7403,0.7403,0.7403
random,0.7438,0.7179,0.6755,0.6516,0.6377,0.5989,0.5534,0.5521,0.5328

ratios,100,200,300,400,500,600,700,800,900
active,0.7403,0.7403,0.7403,0.7403,0.7403,0.7403,0.7403,0.7403,0.7403
random,0.7330,0.6958,0.6895,0.6516,0.6377,0.5989,0.5534,0.5475,0.5233

ratios,100,200,300,400,500,600,700,800,900
active,0.7403,0.7403,0.7403,0.7403,0.7403,0.7403,0.7403,0.7403,0.7403
random,0.7188,0.7179,0.6895,0.6403,0.5935,0.5927,0.5464,0.5598,0.5475

ratios,100,200,300,400,500,600,700,800,900
active,0.7403,0.7403,0.7403,0.7403,0.7403,0.7403,0.7403,0.7403,0.7403
random,0.7438,0.7286,0.6673,0.6119,0.6107,0.5911,0.5743,0.5412,0.5275

ratios,100,200,300,400,500,600,700,800,900
active,0.7518,0.7558,0.7311,0.6951,0.7220,0.7160,0.6570,0.6563,0.6556
random,0.7438,0.7179,0.6800,0.6516,0.6377,0.5989,0.5606,0.5475,0.5233

ratios,100,200,300,400,500,600,700,800,900
active,0.7400,0.6971,0.6662,0.6780,0.6182,0.5951,0.5793,0.5643,0.5362
random,0.7235,0.6958,0.6895,0.6403,0.6377,0.5989,0.5534,0.5532,0.5242

ratios,100,200,300,400,500,600,700,800,900
active,0.7400,0.6971,0.6662,0.6780,0.6182,0.5951,0.5793,0.5643,0.5362
random,0.7246,0.6490,0.6048,0.5870,0.5610,0.4837,0.4697,0.4434,0.3991

ratios,100,200,300,400,500,600,700,800,900
active,0.7518,0.7558,0.7311,0.6951,0.7220,0.7160,0.6570,0.6563,0.6556
random,0.7426,0.6958,0.6673,0.6119,0.6338,0.6131,0.5627,0.5357,0.5328

ratios,100,200,300,400,500,600,700,800,900
active,0.7400,0.6971,0.6662,0.6780,0.6182,0.5951,0.5793,0.5643,0.5362
random,0.6758,0.6449,0.6173,0.5743,0.5167,0.5067,0.4651,0.4654,0.4378

ratios,100,200,300,400,500,600,700,800,900
active,0.7670,0.7648,0.7508,0.7648,0.7293,0.7068,0.6828,0.7065,0.6862
random,0.7667,0.7575,0.7389,0.7320,0.7001,0.6830,0.6596,0.6686,0.6689

ratios,100,200,300,400,500,600,700,800,900
active,0.7545,0.7612,0.7717,0.7060,0.7303,0.6991,0.7000,0.6971,0.6979
random,0.7489,0.7543,0.7462,0.7220,0.6909,0.6666,0.6674,0.6663,0.6401

ratios,100,200,300,400,500,600,700,800,900
active,0.7033,0.6394,0.6028,0.5431,0.5652,0.5211,0.5049,0.4621,0.4306
random,0.6993,0.6485,0.6063,0.5766,0.5445,0.5007,0.4678,0.4268,0.3830

ratios,100,200,300,400,500,600,700,800,900
active,0.5895,0.6410,0.6400,0.5857,0.5559,0.5228,0.4857,0.4612,0.4361
random,0.6980,0.6576,0.5940,0.5454,0.5210,0.5015,0.4545,0.4380,0.4220

ratios,10,20,40,50,100
active,0.7685,0.7623,0.6986,0.7215,0.6718
random,0.7899,0.7652,0.7244,0.7703,0.7186

ratios,5,10,20,30,40,50,60,70,80,90,100,150,200
active,0.7585,0.7516,0.7510,0.7356,0.7327,0.7424,0.7150,0.7469,0.7154,0.7018,0.7085,0.6760,0.6567
random,0.7681,0.7842,0.7588,0.7583,0.7711,0.7603,0.7176,0.7388,0.7249,0.6964,0.7187,0.6640,0.6387

ratios,5,10,20,30,40,50,60,70,80,90,100
active,0.7596,0.7502,0.7623,0.7479,0.6986,0.7215,0.7116,0.7167,0.6968,0.6910,0.6718
random,0.7536,0.7741,0.7567,0.7383,0.7334,0.7556,0.7428,0.7486,0.7195,0.7140,0.7388

ratios,10,20,30,40,50,60,70,80,90,100,110,120,130,140,150
active,0.7685,0.7623,0.7479,0.6986,0.7215,0.7116,0.7167,0.6968,0.6910,0.6718,0.6700,0.6792,0.6783,0.6785,0.6828
random,0.7569,0.7482,0.7248,0.7483,0.7383,0.7434,0.7219,0.7211,0.7448,0.7105,0.7030,0.6840,0.6868,0.7003,0.6961

ratios,10,20,30,40,50,60,70,80,90,100,110,120,130,140,150
active,0.7681,0.7639,0.7378,0.7155,0.7557,0.7124,0.7384,0.7376,0.7151,0.7102,0.7274,0.7197,0.6704,0.6929,0.6991
random,0.7547,0.7642,0.7582,0.7411,0.7149,0.7222,0.7297,0.7493,0.7252,0.7103,0.7386,0.7115,0.7114,0.6893,0.6724

ratios,50,75,100,120,150,170,200,225,250,275,300
active,0.7171,0.7367,0.6718,0.6792,0.6828,0.6717,0.6410,0.6639,0.6393,0.6348,0.6400
random,0.7228,0.7485,0.7034,0.6962,0.6535,0.6815,0.6629,0.6342,0.6194,0.5959,0.6156

ratios,50,75,100,120,150,175,200
active,0.7474,0.7339,0.7085,0.7094,0.6760,0.6779,0.6567
random,0.7402,0.7344,0.6924,0.6827,0.6733,0.6536,0.6481

ratios,50,75,100,120,150,175,200
active,0.7312,0.7010,0.6922,0.7148,0.6813,0.6666,0.6394
random,0.7318,0.7046,0.7176,0.6789,0.7001,0.6572,0.6457

ratios,50,75,100,120,150,175,200
active,0.7222,0.7062,0.7291,0.7204,0.6904,0.6603,0.6629
random,0.7552,0.7145,0.7076,0.6886,0.6595,0.6763,0.6442

ratios,50,75,100,120,150,175,200
active,0.7468,0.7411,0.6960,0.7107,0.6790,0.6741,0.6670
random,0.7579,0.7214,0.7062,0.6985,0.6895,0.6608,0.6604

ratios,50,75,100,120,150,175,200
active,0.7312,0.7010,0.6922,0.7148,0.6831,0.6685,0.6447
random,0.7304,0.7408,0.7167,0.6772,0.6899,0.6793,0.6723

ratios,50,75,100,120,150,175,200
active,0.7312,0.7010,0.6922,0.7148,0.6831,0.6685,0.6447
random,0.7534,0.7372,0.6905,0.7014,0.6789,0.6789,0.6606

ratios,50,75,100,120,150,175,200
active,0.7171,0.7367,0.6718,0.6792,0.6828,0.6703,0.6410
random,0.7386,0.7441,0.7172,0.7151,0.6805,0.6610,0.6452

ratios,50,75,100,120,150,175,200
active,0.7412,0.7052,0.7008,0.6949,0.7023,0.6752,0.6534
random,0.7479,0.7115,0.7144,0.7128,0.6774,0.6701,0.6614

ratios,50,75,100,120,150,175,200
active,0.7433,0.7474,0.7211,0.7037,0.6647,0.7016,0.6500
random,0.7358,0.7280,0.7132,0.7052,0.6907,0.6808,0.6625

ratios,50,75,100,120,150,175,200
active,0.7412,0.7052,0.7008,0.6949,0.7023,0.6752,0.6534
random,0.7185,0.7603,0.6953,0.6898,0.6477,0.6481,0.6613

ratios,50,75,100,120,150,175,200
active,0.7412,0.7052,0.7008,0.6949,0.7023,0.6752,0.6534
random,0.7462,0.7327,0.7124,0.7015,0.6924,0.6820,0.6566

ratios,50,75,100,120,150,175,200
active,0.7412,0.7052,0.7008,0.6949,0.7023,0.6752,0.6534
random,0.7431,0.7173,0.7088,0.7101,0.6986,0.6534,0.6540

ratios,50,75,100,120,150,175,200
active,0.7171,0.7367,0.6718,0.6792,0.6828,0.6703,0.6410
random,0.7205,0.7041,0.6833,0.7130,0.6744,0.6746,0.6325

ratios,50,75,100,120,150,175,200
active,0.7216,0.7417,0.6858,0.6745,0.6916,0.6616,0.6558
random,0.7209,0.6856,0.6747,0.7012,0.6961,0.6634,0.6500

ratios,50,75,100,120,150,175,200
active,0.7676,0.7159,0.7131,0.7003,0.6978,0.6571,0.6704
random,0.7501,0.7104,0.7084,0.6630,0.6798,0.6345,0.6691

ratios,50,75,100,120,150,175,200
active,0.7235,0.7377,0.7070,0.6973,0.6841,0.6701,0.6644
random,0.7268,0.6798,0.6665,0.6843,0.6695,0.6645,0.6437

ratios,50,75,100,120,150,175,200
active,0.6641,0.7291,0.6668,0.6649,0.7251,0.7400,0.6955
random,0.7362,0.7213,0.6755,0.6929,0.6568,0.6824,0.6571

ratios,5,10,20,30,40,50,60,70,80,90,100
active,0.7638,0.7947,0.7507,0.7355,0.6867,0.6641,0.7341,0.7310,0.7055,0.7604,0.6668
random,0.7367,0.7226,0.7321,0.7485,0.7374,0.7547,0.7378,0.7375,0.7374,0.7117,0.7000

ratios,5,10,20,30,40,50,60,70,80,90,100
active,0.7638,0.7947,0.7507,0.7355,0.6867,0.6641,0.7341,0.7310,0.7055,0.7604,0.6668
random,0.7556,0.7473,0.7299,0.7511,0.7434,0.7289,0.7126,0.7169,0.7172,0.7098,0.6826

ratios,5,10,20,30,40,50,60,70,80,90,100
active,0.7596,0.7502,0.7623,0.7479,0.6986,0.7215,0.7116,0.7167,0.6968,0.6910,0.6718
random,0.7531,0.7307,0.7245,0.7409,0.7480,0.7530,0.7473,0.7298,0.7205,0.7188,0.6889

ratios,10,20,30,40,50,60,70,80,90,100
active,0.7603,0.7642,0.7422,0.7200,0.7509,0.7028,0.7391,0.6433,0.7128,0.6390
random,0.7484,0.7505,0.7458,0.7040,0.7396,0.7107,0.7172,0.7143,0.7066,0.6877

ratios,50,100,200,400,600,800,1000
active,0.7305,0.7089,0.6828,0.5821,0.5259,0.4828,0.4154
random,0.7169,0.7019,0.6519,0.5736,0.5057,0.4319,0.3894

ratios,50,100,200,400,600,800,1000
active,0.7004,0.6390,0.6728,0.6260,0.5424,0.5105,0.4346
random,0.7246,0.6852,0.6520,0.5586,0.4931,0.4267,0.3700

ratios,10,20,40,50,70,90,100
active,0.7603,0.7642,0.7200,0.7509,0.7391,0.7128,0.6390
random,0.7348,0.7582,0.7253,0.7222,0.7302,0.7179,0.6823

ratios,10,20,40,50,70,90,100
active,0.8097,0.7633,0.7801,0.7409,0.7324,0.7000,0.6726
random,0.7353,0.7425,0.7152,0.7225,0.7093,0.7204,0.6977

ratios,10,20,40,50,70,90,100,120,150
active,0.7509,0.7689,0.7643,0.7351,0.7036,0.6852,0.7330,0.7560,0.7261
random,0.7376,0.7456,0.6901,0.7144,0.7248,0.7089,0.6857,0.7143,0.6538

ratios,10,20,40,50,70,90,100
active,0.8097,0.7633,0.7801,0.7409,0.7324,0.7000,0.6726
random,0.7422,0.7235,0.7317,0.7317,0.7005,0.6880,0.6962

ratios,10,20,40,50,70,90,100
active,0.7603,0.7642,0.7200,0.7509,0.7391,0.7128,0.6390
random,0.7360,0.7489,0.7369,0.7303,0.7356,0.7006,0.6849

ratios,10,20,40,50,70,90,100,120,150
active,0.7595,0.7226,0.7441,0.7254,0.7148,0.7449,0.7227,0.6632,0.6982
random,0.7577,0.7332,0.7446,0.7312,0.7186,0.6687,0.6852,0.6917,0.7006

ratios,120,150,170,200,230,250,270,300
active,0.6807,0.6770,0.6328,0.6822,0.6667,0.6039,0.6342,0.6292
random,0.6798,0.6580,0.6772,0.6319,0.6322,0.6245,0.6071,0.5724

ratios,120,150,170,200,230,250,270,300
active,0.6957,0.6982,0.6778,0.6814,0.6721,0.6559,0.6254,0.5999
random,0.6435,0.6637,0.6918,0.6188,0.6283,0.6359,0.6194,0.5971

ratios,50,70,100,120,150,170,200
active,0.7411,0.7156,0.7402,0.7058,0.6786,0.6826,0.6630
random,0.7026,0.7387,0.6534,0.6906,0.6673,0.6818,0.6578

ratios,50,70,100,120,150,170,200
active,0.7470,0.7280,0.6654,0.7233,0.6750,0.6684,0.6681
random,0.7181,0.7319,0.6837,0.6727,0.6683,0.6645,0.6409

ratios,50,70,100,120,150,170,200
active,0.7213,0.7530,0.7512,0.7377,0.7471,0.7555,0.7301
random,0.7166,0.7194,0.6906,0.7057,0.6493,0.6863,0.6600

ratios,50,70,100,120,150,170,200
active,0.7328,0.7057,0.7187,0.6880,0.6888,0.6909,0.6886
random,0.7462,0.7199,0.6980,0.6985,0.6754,0.6748,0.6402

ratios,20,40,50,70,100,120,150,170,200
active,0.7621,0.7230,0.7409,0.7286,0.6930,0.6733,0.6549,0.6528,0.6603
random,0.7367,0.7269,0.7287,0.7204,0.6883,0.7285,0.6772,0.6641,0.6420

ratios,20,40,50,70,100,120,150,170,200
active,0.6162,0.5841,0.6002,0.6206,0.6125,0.6159,0.5831,0.5480,0.5681
random,0.6128,0.6196,0.5819,0.5740,0.5804,0.5902,0.5246,0.5280,0.5358

ratios,20,40,50,70,100,120,150,170,200
active,0.6140,0.6056,0.6159,0.6095,0.6149,0.6031,0.6104,0.5665,0.5394
random,0.5928,0.6041,0.5970,0.5931,0.5483,0.5612,0.5463,0.5318,0.5423

ratios,20,40,60,80,100,120,140,180,200,300,400,500,600,700
active,0.6155,0.5888,0.5790,0.5902,0.6051,0.5982,0.5941,0.5785,0.5585,0.5429,0.5090,0.4973,0.4845,0.4815
random,0.6161,0.6273,0.5871,0.5853,0.5794,0.5749,0.5680,0.5568,0.5435,0.5126,0.4867,0.4107,0.4216,0.4137

ratios,20,40,60,80,100,120,140,180,200,300,400,500,600,700
active,0.7689,0.7673,0.7327,0.7438,0.7456,0.7376,0.7043,0.6920,0.7053,0.6775,0.6050,0.6282,0.5597,0.5562
random,0.7875,0.7851,0.7615,0.7559,0.7258,0.7166,0.7087,0.6842,0.6863,0.5947,0.6125,0.5067,0.5358,0.4948

ratios,20,40,60,80,100,120,140,180,200,300,400,500,600,700
active,0.6778,0.7833,0.7134,0.7683,0.7280,0.7744,0.6778,0.7684,0.7505,0.7809,0.7937,0.7378,0.7306,0.7414
random,0.7138,0.7734,0.7926,0.7687,0.7054,0.7715,0.7689,0.7547,0.7624,0.7796,0.7119,0.7162,0.5674,0.7106

ratios,20,40,60,80,100,120,140,180,200,300,400,500,600,700
active,0.7617,0.5673,0.6673,0.7570,0.7096,0.7449,0.7355,0.7730,0.7233,0.7554,0.7449,0.6811,0.6964,0.7070
random,0.7854,0.7494,0.7673,0.7814,0.7238,0.7181,0.6619,0.7709,0.7480,0.7236,0.7134,0.7100,0.7211,0.6429

ratios,20,40,60,80,100,120,140,180,200,300,400,500,600,700
active,0.7349,0.7712,0.7670,0.7516,0.7434,0.7587,0.7752,0.6443,0.7101,0.2643,0.7145,0.7542,0.6677,0.6478
random,0.8055,0.7542,0.7794,0.7783,0.7442,0.7677,0.7150,0.5266,0.7628,0.3325,0.6781,0.6994,0.7444,0.7153

ratios,20,40,60,80,100,120,140,180,200,300,400,500,600,700
active,0.7571,0.7800,0.7980,0.7854,0.7122,0.7486,0.6497,0.7903,0.7773,0.6014,0.7267,0.7310,0.7354,0.7211
random,0.7687,0.7473,0.7316,0.7420,0.7364,0.7724,0.7734,0.7431,0.7582,0.7342,0.7524,0.7304,0.7011,0.6771

ratios,20,40,60,80,100,120,140,180,200,300,400,500,600,700
active,0.7592,0.7723,0.7628,0.5079,0.6674,0.7487,0.5658,0.7215,0.7021,0.6861,0.6665,0.6369,0.6210,0.5209
random,0.7559,0.7619,0.7361,0.7572,0.7116,0.6948,0.6990,0.6975,0.6552,0.6455,0.5295,0.5245,0.5296,0.4979

ratios,20,40,60,80,100,120,140,180,200,300,400,500,600,700
active,0.7671,0.7195,0.7285,0.7368,0.7126,0.7143,0.7172,0.7187,0.7001,0.6590,0.6309,0.6422,0.5644,0.5354
random,0.7442,0.7195,0.7282,0.7184,0.6941,0.6974,0.6982,0.6567,0.6116,0.5834,0.5384,0.5224,0.4616,0.4685

ratios,20,40,60,80,100,120,140,180,200,300,400,500,600,700
active,0.4523,0.4513,0.4318,0.4254,0.4769,0.4242,0.4038,0.3881,0.4196,0.4098,0.4031,0.3582,0.3921,0.4114
random,0.4790,0.4437,0.4420,0.4471,0.4334,0.4415,0.4121,0.4247,0.4027,0.3940,0.3573,0.3632,0.3572,0.3657

ratios,20,40,60,80,100,120,140,180,200,300,400,500,600,700
active,0.7696,0.7633,0.7564,0.7508,0.6820,0.7437,0.7487,0.7251,0.7283,0.6741,0.6238,0.6307,0.6047,0.5951
random,0.7861,0.7834,0.7269,0.7194,0.3718,0.7260,0.7129,0.6686,0.6758,0.6300,0.6041,0.5625,0.5104,0.4748

ratios,20,40,60,80,100,120,140,180,200,300,400,500,600,700
active,0.7133,0.7361,0.7465,0.7110,0.7316,0.7238,0.6896,0.6963,0.6845,0.6406,0.6361,0.5975,0.5996,0.5558
random,0.7479,0.7470,0.7364,0.7011,0.7022,0.6995,0.7063,0.6642,0.6529,0.5877,0.5754,0.5225,0.4748,0.4551

ratios,20,40,60,80,100,120,140,180,200,300,400,500,600,700
active,0.7433,0.7326,0.7396,0.7133,0.7009,0.6959,0.6991,0.7342,0.6687,0.6715,0.6150,0.5764,0.6202,0.5332
random,0.7344,0.7299,0.7323,0.7171,0.7096,0.6946,0.6811,0.6696,0.6461,0.6122,0.5582,0.5096,0.4918,0.4651

ratios,20,40,60,80,100,120,140,180,200,300,400,500,600,700
active,0.7404,0.7615,0.7740,0.7596,0.7653,0.7608,0.7494,0.7515,0.7732,0.7577,0.7360,0.7136,0.6944,0.6688
random,0.7483,0.7526,0.7638,0.7799,0.7655,0.7276,0.7524,0.7335,0.7606,0.7278,0.7128,0.7306,0.6793,0.6768

ratios,20,40,60,80,100,120,140,180,200,300,400,500,600,700
active,0.7271,0.7655,0.7457,0.5075,0.7089,0.7572,0.7672,0.7689,0.7279,0.7718,0.7339,0.6774,0.6095,0.6839
random,0.7639,0.7509,0.7565,0.7317,0.7447,0.7005,0.7446,0.7525,0.7493,0.7264,0.7105,0.7170,0.6999,0.6535

ratios,20,40,60,80,100,120,140,180,200,300,400,500,600,700
active,0.7980,0.7530,0.7777,0.6122,0.7842,0.7430,0.7265,0.7700,0.7554,0.7442,0.7038,0.6999,0.7064,0.6769
random,0.7838,0.7240,0.7832,0.7468,0.7241,0.7162,0.7476,0.7387,0.7551,0.7422,0.6014,0.7107,0.6543,0.6069

ratios,20,40,60,80,100,120,140,180,200,300,400,500,600,700
active,0.7839,0.7759,0.7413,0.7634,0.7840,0.7409,0.6765,0.7630,0.7795,0.7315,0.7410,0.7059,0.7018,0.7063
random,0.8212,0.7719,0.7512,0.7553,0.7583,0.7306,0.7596,0.7697,0.7325,0.7163,0.7107,0.6904,0.6866,0.6851

ratios,80,100,140,200,300,400,500
active,0.7819,0.7702,0.7496,0.7782,0.7661,0.7068,0.7193
random,0.7702,0.7440,0.7284,0.7591,0.7030,0.7387,0.6905

ratios,80,100,140,200,300,400,500
active,0.7628,0.7291,0.7544,0.7767,0.7782,0.7526,0.7627
random,0.7129,0.7166,0.7332,0.7401,0.6815,0.6693,0.7069

ratios,80,100,140,200,300,400,500
active,0.7551,0.7404,0.7636,0.7823,0.7531,0.7092,0.6956
random,0.7553,0.7771,0.7564,0.7424,0.7311,0.7173,0.6977

ratios,80,100,140,200,300,400,500
active,0.2367,0.7253,0.3368,0.7469,0.7354,0.6440,0.7446
random,0.7509,0.7268,0.7789,0.7681,0.7294,0.6753,0.7163

ratios,80,100,140,200,300,400,500
active,0.7631,0.7552,0.7871,0.7731,0.6978,0.7619,0.6285
random,0.7910,0.7110,0.7815,0.7651,0.7266,0.7429,0.6957

ratios,80,100,140,200,300,400,500
active,0.7796,0.7546,0.7883,0.6753,0.7052,0.7278,0.7554
random,0.7612,0.7448,0.7396,0.7473,0.7663,0.7267,0.7237

ratios,80,100,140,200,300,400,500
active,0.7008,0.7008,0.7008,0.7008,0.7008,0.7008,0.7008
random,0.7761,0.7372,0.7756,0.7212,0.7406,0.7072,0.6586

ratios,80,100,140,200,300,400,500
active,0.7216,0.7216,0.7216,0.7216,0.7216,0.7216,0.7216
random,0.7686,0.6563,0.7836,0.7859,0.7473,0.7051,0.7304

ratios,40,60,80,100,140,200,300,400,500
active,0.7695,0.7276,0.7150,0.7485,0.7485,0.7485,0.7485,0.7485,0.7485
random,0.7574,0.7727,0.7972,0.7624,0.7837,0.7560,0.4907,0.7148,0.7158

ratios,10,20,40,60,80,100,140,200,300,400,500
active,0.7763,0.7701,0.7565,0.7255,0.6954,0.7663,0.8020,0.7179,0.8085,0.8072,0.7700
random,0.7935,0.7897,0.7771,0.8010,0.7816,0.7150,0.7045,0.7629,0.7562,0.7349,0.6707

ratios,10,20,30,40,50,60,70,80,90,100,140,200,300,400,500
active,0.7870,0.7596,0.7199,0.6598,0.7858,0.7615,0.7858,0.7416,0.7499,0.7440,0.7440,0.7440,0.7440,0.7440,0.7440
random,0.5913,0.7900,0.7976,0.7511,0.7565,0.6886,0.7579,0.7745,0.7789,0.7453,0.7927,0.7364,0.7201,0.7506,0.7210

ratios,10,20,30,40,50,60,70,80,90,100,140,200,300,400,500
active,0.7659,0.7478,0.7895,0.7793,0.7236,0.7732,0.7337,0.7885,0.7187,0.7565,0.6940,0.7282,0.7952,0.7881,0.7758
random,0.7656,0.2277,0.7804,0.7674,0.7410,0.7118,0.7660,0.7343,0.7617,0.6075,0.6542,0.7351,0.2926,0.7498,0.7166

ratios,10,20,30,40,50,60,70,80,90,100,140,200,300,400,500
active,0.7846,0.7884,0.7360,0.7508,0.7720,0.7714,0.8024,0.7318,0.5690,0.7823,0.7745,0.7839,0.7406,0.7993,0.7696
random,0.8074,0.7763,0.7242,0.7667,0.7728,0.7640,0.7416,0.7664,0.7332,0.7367,0.7580,0.6907,0.7710,0.6988,0.7736

ratios,10,20,30,40,50,60,70,80,90,100,140,200,300,400,500
active,0.7705,0.7924,0.7261,0.7832,0.7262,0.7406,0.7753,0.7383,0.0745,0.7861,0.7665,0.7590,0.7163,0.4228,0.7655
random,0.8069,0.7897,0.7781,0.7610,0.7238,0.7389,0.7733,0.7856,0.7533,0.7221,0.7678,0.7470,0.7406,0.7296,0.7525

ratios,10,20,30,40,50,60,70,80,90,100,140,200,300,400,500
active,0.7633,0.7577,0.7375,0.7866,0.7522,0.7339,0.7744,0.7588,0.7216,0.7544,0.7542,0.7528,0.7117,0.7053,0.7157
random,0.7983,0.7893,0.7895,0.7921,0.7931,0.7482,0.7571,0.7957,0.7412,0.7283,0.8076,0.7286,0.3097,0.7457,0.6838

ratios,10,20,30,40,50,60,70,80,90,100,140,200,300,400,500
active,0.7787,0.7181,0.7265,0.7291,0.7677,0.7579,0.7790,0.7734,0.7111,0.6442,0.7564,0.8196,0.6578,0.7254,0.7250
random,0.7732,0.7960,0.7496,0.7491,0.7772,0.7539,0.7655,0.7035,0.7649,0.7549,0.6215,0.7804,0.1283,0.7170,0.7258

ratios,10,20,30,40,50,60,70,80,90,100,140,200,300,400,500
active,0.7399,0.7556,0.7322,0.7987,0.6902,0.7906,0.7868,0.7609,0.6407,0.7165,0.7493,0.7987,0.7474,0.6992,0.7286
random,0.7995,0.7505,0.7191,0.7150,0.7623,0.7497,0.7644,0.7808,0.7082,0.7031,0.7541,0.7306,0.6158,0.7058,0.6770

ratios,5
active,0.7087
random,0.7385

ratios,10,20,30,40,50,60,70
active,0.7388,0.7388,0.7388,0.7388,0.7388,0.7388,0.7388
random,0.7526,0.7497,0.7679,0.7015,0.7448,0.7787,0.7751

ratios,10,20,30,40,50,60,70
active,0.7480,0.7589,0.6260,0.7596,0.7480,0.7428,0.7531
random,0.7431,0.8026,0.6410,0.7820,0.7266,0.7781,0.7832

ratios,20,40,60,100,120,150,170,200,300,500
active,0.7598,0.7427,0.7324,0.7592,0.7474,0.7001,0.7807,0.7302,0.7470,0.7436
random,0.7390,0.7472,0.7561,0.7550,0.7817,0.7503,0.7801,0.7379,0.7400,0.6844

ratios,20,40,60,100,120,150,170,200,300,500
active,0.7550,0.7671,0.7725,0.6638,0.7526,0.7834,0.7600,0.7664,0.0529,0.6769
random,0.8032,0.7725,0.7782,0.6406,0.7858,0.7090,0.7203,0.7441,0.7297,0.7507

ratios,20,40,60,100,120,150,170,200,300,500
active,0.7486,0.7531,0.7697,0.7496,0.7570,0.7745,0.7717,0.7524,0.7541,0.7373
random,0.7788,0.7695,0.7992,0.7168,0.7227,0.7684,0.7439,0.7834,0.7360,0.7460

ratios,20,40,60,100,120,150,170,200,300,500
active,0.7759,0.7733,0.7272,0.7361,0.7421,0.7451,0.7587,0.7612,0.7502,0.7014
random,0.7667,0.7374,0.7364,0.7246,0.7736,0.7831,0.7772,0.7903,0.7395,0.7021

ratios,20,40,60,100,120,150,170,200,300,500
active,0.7494,0.7669,0.7542,0.7255,0.7690,0.7847,0.7781,0.7364,0.7320,0.6812
random,0.7718,0.7196,0.7554,0.7545,0.7395,0.7174,0.7452,0.7748,0.7224,0.6949

ratios,10,20,40,60,80,100,120,150,170,200,300,500
active,0.8032,0.7704,0.7977,0.7619,0.7490,0.6945,0.8012,0.7586,0.6384,0.5634,0.7027,0.7202
random,0.7921,0.7842,0.7577,0.7476,0.7441,0.7382,0.7396,0.7450,0.7519,0.7334,0.7473,0.7498

ratios,10,20,40,60,80,100,120,150,170,200,300,500
active,0.7712,0.7736,0.7863,0.7326,0.7169,0.7519,0.7117,0.6913,0.6977,0.6727,0.6328,0.5738
random,0.6944,0.7521,0.7523,0.7104,0.7350,0.7069,0.7082,0.6549,0.6729,0.6519,0.6115,0.5627

ratios,10,20,40,60,80,100,120,150,170,200,300,500
active,0.5472,0.5205,0.5224,0.4981,0.4946,0.4560,0.5048,0.4802,0.4693,0.4507,0.4801,0.4045
random,0.7566,0.7538,0.7754,0.7216,0.7327,0.7103,0.6918,0.6723,0.6839,0.6791,0.6151,0.5163

ratios,10,20,40,60,80,100,120,150,170,200,300,500
active,0.7630,0.7722,0.6880,0.7503,0.7314,0.7464,0.4090,0.6719,0.4051,0.6657,0.6222,0.5453
random,0.7811,0.7738,0.7490,0.7472,0.7212,0.7382,0.3980,0.6838,0.5373,0.6797,0.6285,0.5558

ratios,10,20,40,60,80,100,120,150,170,200,300,500
active,0.7962,0.7743,0.7232,0.7550,0.7106,0.7096,0.7066,0.6766,0.6724,0.6696,0.5875,0.5513
random,0.7571,0.7998,0.7701,0.7190,0.5555,0.7396,0.5618,0.7057,0.6247,0.6557,0.6307,0.5335

ratios,10,20,40,60,80,100,120,150,170,200,300,500
active,0.7890,0.7827,0.7599,0.7416,0.7218,0.7479,0.6735,0.6992,0.6811,0.6267,0.6519,0.5860
random,0.7863,0.7642,0.7726,0.7679,0.7332,0.6395,0.6998,0.6872,0.5871,0.6460,0.6260,0.5739

ratios,10,20,40,60,80,100,120,150,170,200,300,500
active,0.7499,0.7888,0.7598,0.7385,0.7342,0.7570,0.6865,0.7143,0.6665,0.6092,0.6257,0.5517
random,0.7734,0.7850,0.7861,0.6978,0.6680,0.7304,0.7034,0.6708,0.6771,0.6838,0.6165,0.5556

ratios,10,20,40,60,80,100,120,150,170,200,300,500
active,0.7729,0.7803,0.7152,0.7326,0.7161,0.7319,0.7589,0.7433,0.7670,0.7380,0.7430,0.6534
random,0.7398,0.7583,0.7610,0.7127,0.7646,0.7409,0.7263,0.7667,0.7474,0.7743,0.7259,0.7278

