,0,1,2,3,4,5,6,7,8,9,10,11,12,13,14,15,16,17,18,19,20,21,22,23,24,25,26,27,28,29,30,31
acquired_abnormality,-0.7067599,0.2955258,0.7202282,1.0715634,-1.0479449,-1.9159111,-0.24949008,-0.62535745,0.36597154,0.985301,-0.041020837,0.5334005,0.1252984,0.18362817,-2.0561445,1.1352122,1.527749,-0.01678667,0.82709444,1.0906669,1.4438982,1.2642382,0.30185053,1.1197499,0.01032323,-0.11983362,0.415836,1.6241391,0.28471544,0.62617075,-0.17767087,0.33800918
activity,-0.38422668,-0.46476382,0.08516966,0.98616606,-1.7930261,0.76886284,0.569959,-0.81717587,0.78941804,1.0157834,0.42838392,1.174113,-2.6621552,0.2718646,-1.8851283,0.40802115,1.3371081,-0.54314274,-0.93462753,-0.96890706,0.8354849,-0.87881917,0.966241,0.8829111,1.2771187,0.78600353,0.539153,-0.8880267,0.60294473,1.1235929,-0.155879,0.41296002
age_group,-0.373265,0.40849134,0.87524813,1.075533,-2.1884503,-1.4373399,1.765502,0.52395177,0.50396806,0.5370833,0.30156738,0.721843,-1.2799195,0.61009395,-0.35814816,0.054246,1.5954994,0.33446246,0.307657,-0.02590378,0.10966531,0.38893715,-1.0160642,1.2493755,0.5452704,0.31213862,-0.151791,0.39764997,0.93766534,0.81987154,0.92749286,0.6814098
alga,0.25313476,0.48982355,-0.50535303,0.3496614,-1.7796527,0.09461893,-0.94267917,-0.033663042,-1.1563799,0.9761112,-0.5615364,1.3943411,-0.5344073,1.1394976,-0.42498046,-0.0036633965,2.041828,-0.035267238,1.392202,-1.1208744,0.5903162,-1.7274477,1.4829948,1.3387349,0.82511604,-0.37072423,0.68125576,0.27513,0.84726745,1.2557979,0.67359173,0.10109088
amino_acid_peptide_or_protein,0.5609857,-0.68253845,0.026004907,0.8407607,-1.3069154,-0.15336724,-0.22111973,-0.075908154,-0.7739121,0.84142905,0.47923386,1.7771308,0.49966466,0.7982319,-1.2550867,2.5227792,1.2699022,-0.15874748,-2.2508905,-0.055217657,0.32725358,0.32468164,-0.2475171,1.9425101,0.902357,-0.7403059,0.38570574,0.13948262,-0.061777487,1.5609154,0.04820802,0.56918424
amino_acid_sequence,0.9406154,-0.2678682,0.941144,0.763555,-2.152082,-0.068748035,-0.051989906,0.30817714,-0.15988488,0.86325693,0.14336598,1.1306736,-0.37895572,0.54632694,-0.07734329,1.2357119,1.4230905,-0.6505337,-0.09024034,-0.09737434,0.97149634,0.94357604,-0.52131826,0.55283266,-1.840556,-1.1354762,0.52769893,-0.65708804,0.60201967,1.3580675,0.124826506,-0.6437503
amphibian,1.0762155,1.6059774,0.11049252,0.84416944,-1.6785016,0.3605212,-1.1493456,0.8807447,-0.3150893,1.2754896,2.0506847,0.48598933,0.32361865,0.22812128,-1.7844949,0.38651562,1.3699275,-0.22236535,1.5147048,0.42987978,-0.059174825,-0.9675083,1.0952425,1.4270978,-1.2646935,-0.8579224,-0.009654464,0.748386,0.7239318,1.4141064,-0.8922887,0.0055752527
anatomical_abnormality,-0.4382193,-0.0012364316,0.16673219,1.3895907,-0.90934896,-1.7989178,-0.29514313,-0.47253615,1.0477349,1.3278587,-0.4137977,0.46913338,-0.43197027,0.52784026,-2.2562506,1.2399603,1.2688051,-0.72496843,1.057432,1.1429467,1.277374,1.295269,0.051428556,0.6326128,-0.61507434,0.24795067,0.8487944,1.5385319,0.26658487,1.180283,-0.085551254,0.19050023
anatomical_structure,0.34579188,0.7248246,0.0852529,0.88421094,-1.5675541,-1.4716413,-0.036191143,0.96230006,0.16675486,1.4061095,-0.5460869,0.89085513,-0.44188458,0.5213699,-0.16395523,1.6898844,0.39262122,0.39701957,1.0946617,-0.21797158,1.4197271,0.18742116,0.19804549,1.1958511,0.2692028,-0.22823478,0.40047252,-0.2807903,-1.02563,1.1914871,0.2996015,-0.35561076
animal,-0.2883187,-0.3223885,0.6970975,0.900141,-1.8247918,-0.20538081,-1.1117365,1.4363756,0.08944724,1.2482342,0.8540024,0.7184414,-0.19758119,0.58346206,-1.1147912,0.4827041,1.3560698,-0.31228128,1.2163396,-0.11338945,0.078003146,-1.1670264,0.3357544,0.19825107,-0.83033603,-0.31730843,0.46074376,0.8222498,0.81222874,1.2628487,0.9227889,0.8557234
antibiotic,0.2620921,-0.14756578,-0.25200546,0.8930976,-1.9578952,-0.06923885,0.1348171,-0.59861493,-1.1180212,1.4066194,0.3445394,1.4123566,-0.79593396,0.38966513,-0.041476745,0.46036595,0.9496818,-0.17682631,-1.4744629,-0.06531095,0.6385496,0.2824227,-0.28436434,1.7000638,1.1642015,-1.0980086,-0.54798347,0.58742434,0.010937107,1.3646567,0.09161722,-0.01198527
archaeon,0.8916708,-0.295091,0.8288362,0.79766786,-1.9502178,0.6600117,-1.3633018,-0.0022010012,-0.34996572,0.74864864,0.8430144,0.8921385,-0.26910788,0.52647364,-1.0642605,-0.15609948,1.7477579,-0.24999546,1.4217783,-0.45047525,-0.103393026,-1.1747458,0.13208754,1.1710335,-0.68318444,-1.0182406,0.07902036,0.057037972,0.55774575,1.3980602,0.5072259,0.33892122
bacterium,0.42491427,-0.24478999,0.43119994,0.58692557,-1.9629202,-0.42192882,-1.2210886,-0.01691876,-0.3413931,1.7195536,-0.35947412,1.4994121,-0.18349439,0.78356344,-1.6737661,0.30764094,1.4008834,1.5195465,0.91396445,-0.16491717,0.5067986,-1.9749736,0.67116314,0.25989172,0.59407437,-0.46406025,0.5641046,0.86651236,-0.5352867,0.97216296,1.1741856,0.2933796
behavior,1.0029029,0.75976896,-0.0062310263,0.48097032,-0.6817132,-0.3058807,1.00634,0.5123845,0.85842186,1.0881196,-0.15111828,0.045659564,-0.96007866,0.6930972,-1.2910507,0.11425732,1.066161,-0.47769243,-0.37534308,-0.23700172,0.5606048,0.64165294,0.38934493,-0.43081394,-0.15632299,-0.26276731,-0.021094479,-0.22640854,0.06367656,2.0095158,0.7457509,-0.3510561
biologic_function,0.6518573,0.11042859,-0.300125,0.37710327,-1.2425038,-0.82041794,-1.6234738,0.529036,1.5331116,-0.101578236,0.44173104,1.2927177,0.8237506,0.4237029,-1.3690406,0.88724995,0.99730206,1.6331475,1.8581789,0.90821165,1.3992046,0.51024,-0.49518648,0.46013072,0.6115494,-0.011447168,0.75380534,1.1646953,0.008530367,1.0058707,0.5676222,-0.05290134
biologically_active_substance,0.031644475,-0.01694009,-0.24739625,0.8181462,-1.6138045,1.2104834,0.29153204,-0.112904124,0.07317291,1.5889335,0.3346605,1.1769223,0.18225731,-0.6456317,-0.6544961,0.78956354,1.2922349,0.16562667,-1.0267286,0.36220858,0.49051133,0.3012337,-0.40288112,1.2964199,1.3928212,-1.7612612,0.6303563,0.75895095,-0.461258,1.2779214,0.9745307,0.35366762
biomedical_occupation_or_discipline,-0.81366384,0.8830507,0.24988876,-0.12432853,-0.7675598,0.10508089,0.9599971,0.03528776,-0.05833171,0.56499,-0.25619003,0.3499015,-0.8022411,1.6677786,-1.5880655,0.8976908,1.2518535,-0.14053228,0.44312218,0.92087495,-0.70803887,0.5093407,0.26528087,0.491003,0.09554754,-0.16066122,-0.7167169,-0.81245303,1.4551467,0.4236651,0.44983685,-1.4556507
biomedical_or_dental_material,0.22669135,0.38972357,-0.6401627,0.62886876,-1.9653022,0.11004934,-0.12219353,-0.5790023,-0.04148248,1.4191422,1.2176936,1.1828039,-0.6546984,-0.14215234,-0.37459868,0.15297179,1.7375518,-0.15016271,-1.8551654,-0.09172957,0.75587696,0.39406973,-0.24657488,1.9047151,0.0023703785,-1.3532604,-0.30040228,0.34708253,0.076749414,2.1126163,-0.72168994,0.1357394
bird,0.41106164,0.42864075,0.844606,0.575195,-1.6994725,0.942763,-1.4073759,0.55828255,-0.6143313,0.44502178,0.81029785,0.5498307,0.32682902,0.07726783,-1.7254364,-0.019212386,1.6043026,-0.41202658,1.1679387,-0.7082421,0.29167715,-1.1258146,0.53901386,2.111906,-0.39320406,-0.76206124,0.40140647,0.6215303,0.6868654,0.7434677,-0.802895,0.21345377
body_location_or_region,0.7938546,-1.5255315,-0.63152856,0.3891943,-1.6492844,-0.6319424,0.4051478,1.0517449,0.09243279,1.4716035,0.68049246,1.511142,0.08385365,0.51812863,0.44410267,1.1769655,1.556639,0.43228054,0.22101326,-0.0016691803,1.1637074,0.41231847,0.365706,1.460214,-0.67741185,-2.0443637,-0.12466159,-0.46503296,0.2380331,1.3981769,-0.2637762,-0.18705118
body_part_organ_or_organ_component,-0.45833328,-1.1720083,-0.36293918,1.1232759,-1.1722722,-0.8792504,-0.36884165,0.1202943,0.31487414,-0.1947298,-0.12503432,1.3498183,-0.75068665,-0.57219535,-0.44809297,0.4406443,1.4504496,0.6443864,0.9040623,-0.29257712,0.9214403,0.5124789,0.25661045,0.45508024,-0.6257836,-1.0819699,0.2680274,-0.7890837,-0.68936384,1.163507,-0.3612842,0.4065863
body_space_or_junction,0.9744294,0.16800375,0.5170285,0.66885066,-1.2009639,-0.3453904,0.03469928,0.5314181,0.819441,0.51252574,0.8894194,1.444469,-0.42227894,-0.27945247,-0.36638921,0.29412353,1.8010254,-0.4021528,-0.4228287,-0.62923425,0.45499203,0.28693533,0.20019467,1.5553508,-2.0612245,-1.2169808,0.29822686,-0.8193166,-0.12321493,1.2121545,-0.15171047,-0.6105692
body_substance,0.49160436,0.08645119,1.2913549,1.3210038,-1.5759397,0.8127326,0.888481,0.015860675,1.4904064,0.7535276,0.63517207,0.80375624,0.22620489,-1.4855881,-0.4506905,0.6743641,1.7878437,-0.004375122,-1.0434886,0.08024471,0.4748295,0.7891307,-0.73999447,1.4060981,0.0032607117,-0.6768503,0.27023473,-0.22321291,-1.0380726,0.44024268,1.1474007,0.8323361
body_system,0.6253264,0.1259543,0.55102444,0.46872696,-1.5052067,-0.72672397,-0.15139683,1.54124,0.91883045,1.2161964,-0.2587452,1.0648597,-0.059271485,0.6466288,-0.5839865,-0.63222814,0.73021346,0.09105396,-0.58870405,0.0670296,1.6016768,0.1783176,0.49129727,1.4529151,-0.88664603,-1.702284,0.32083145,-0.56251687,-0.19446322,1.282788,-0.72300225,0.5927366
carbohydrate,0.4620563,1.1496853,0.31024006,0.5692191,-2.003054,0.8466086,-0.44734934,-0.76483154,-0.40113366,1.2010558,-0.5283648,1.7394671,-0.19825764,0.52046615,-0.6668682,1.4058768,0.9672201,-0.90379953,-1.2470393,0.4235789,0.882686,0.705865,-0.20008484,0.8433581,0.53753406,-1.2651345,-0.015148543,-0.06758928,0.18927346,1.0201412,0.1117644,1.4127367
carbohydrate_sequence,-0.15293612,0.14679353,0.6553499,1.219293,-1.2857,-0.07480876,0.6110826,1.1321307,0.6391904,0.4415129,-0.1707296,1.630166,0.5438532,0.39650837,0.05527644,1.5862728,1.687421,-0.24780107,0.45590895,-0.21838237,1.4668018,0.9369682,-0.3667751,1.9401052,-1.3316374,-1.8438641,-0.3513432,-0.8834983,0.53014654,1.8191103,1.4110097,0.6301581
cell,0.06512479,-0.48917726,-0.8805206,-0.24660239,-1.6802812,-0.8754786,0.117371544,-0.027124085,-0.03193754,-0.053726975,0.6123986,1.4038762,0.18331546,-0.3654939,-0.4376964,1.2444335,1.1858853,1.2351321,1.1954242,-1.0375516,0.32840818,0.50118524,1.0734824,0.73598194,0.124598555,-0.15394254,-0.45617735,-0.60173136,-0.6280977,1.6753873,-0.14994247,0.022150364
cell_component,-0.4528037,-0.15461515,-0.7800256,-0.25276628,-1.6838369,-1.1142348,0.45926666,-0.05501762,0.8042266,0.53179115,-0.16651505,0.7312825,0.3246823,-0.10645196,-0.57268405,1.4829943,0.7472724,0.05391603,0.4674024,-0.46048987,1.8622607,0.884683,0.29449663,0.58739275,0.09419093,-1.4416928,0.83810943,-0.37630007,-1.4114037,1.2938492,-0.71371555,-0.23730893
cell_function,0.6994068,-0.34882885,-0.5118038,0.3320341,-1.4097518,-1.258446,-2.8208964,0.20678416,0.42723367,-0.81387556,0.4497458,0.9026028,0.23561856,0.43091226,-2.0682747,0.48417887,1.2605935,-1.3691574,1.3762205,-0.24895756,1.8657261,-0.36668175,-0.37216526,0.71177465,0.9314729,-0.11810831,0.3956525,0.49449098,-1.649078,1.5295373,0.39859617,2.00937
cell_or_molecular_dysfunction,0.18300118,-1.4831334,-0.6251388,-0.26930097,-0.96712935,-1.2758019,-1.4864751,0.13211298,0.75123847,0.3180111,-1.451773,0.18281375,-0.22019668,0.5105579,-1.3935231,0.5360767,1.1131359,-0.604127,1.5233803,0.76734215,1.2605176,1.02161,-0.47991362,0.9689159,0.40940714,0.4423241,0.29999495,1.504987,-0.28122053,0.75421345,0.749007,-0.57784843
chemical,0.30057353,-1.0115399,-0.8139046,2.069674,-2.1767883,0.17816715,0.51270247,1.0409423,-0.7646046,1.915454,-0.4029022,0.97189856,0.12358621,-0.32235372,-0.22627646,-0.599491,0.7608084,0.01703645,-1.3474746,0.053844832,0.67290056,0.4720195,0.21645308,0.76931,-0.31548798,-0.8904829,-0.40816572,0.5972982,-1.3689294,0.80789876,-0.44787788,-0.08325552
chemical_viewed_functionally,0.5937066,0.55459386,-0.4333077,1.7054154,-2.576374,0.35157275,0.16019297,0.9500977,-0.6805926,1.526857,0.061914966,0.7581008,-0.36446586,0.20772707,-1.0579929,0.15915953,0.8178043,0.6467982,-1.273599,0.24656692,0.7484979,1.1796914,-0.35896826,0.52801526,0.4158106,-0.7794344,0.16293979,0.24857704,-1.2793216,0.7116051,-1.1765015,0.38642293
chemical_viewed_structurally,0.4643311,-0.40852827,0.46017876,1.91089,-2.0244215,-0.25851715,-0.30613816,0.61199427,-0.13862202,1.4752021,-0.4777318,1.2643057,0.057529546,-0.032962553,-0.15052639,0.2624002,1.0332985,0.43809688,-1.5703013,0.48761445,0.67296946,0.25733086,-0.09616724,0.96604854,0.3103839,-0.61556673,-0.6953093,-0.4803082,-1.1789112,0.8734438,0.3509973,0.2792601
classification,-0.21412739,-0.15956455,-0.30624908,-0.37940803,-1.4597038,1.7508956,0.4067285,0.3097885,-0.15782326,1.5414388,0.16931102,2.0783513,-0.42445517,0.37867537,-0.7503254,0.04290217,0.99652946,-0.23992777,0.15645076,-0.42782012,1.469353,0.65243876,0.597261,2.2692168,0.0056738397,-0.5951503,0.33119938,-0.85070556,0.009696974,1.0312283,0.18569401,1.0247233
clinical_attribute,0.83017355,0.66186,-0.74007887,-0.06982776,-1.5958238,-0.7291359,-1.0192751,0.059350986,-0.39076462,1.8792409,0.2669317,0.075087994,0.4555698,0.8987024,-0.4589193,0.672643,1.179037,-0.22298676,-0.1111491,0.7479921,1.4855828,1.8637458,0.26521704,1.2978526,0.52533305,-0.4559625,-0.74845827,-0.1536442,0.5339861,0.35582256,2.0104773,0.7879099
clinical_drug,-1.1538525,1.1964847,-0.6024323,1.0535793,-1.1598907,1.3506818,0.9223851,1.3133532,0.51653033,-0.39054814,0.38260195,1.1843532,-0.27528393,0.14333056,-1.3748121,-0.17007214,0.37518978,0.17700183,0.6490954,-0.61755204,1.2143606,-0.13113077,0.92337257,2.799245,0.24352361,-1.2077136,-0.64575726,-0.16040795,-0.06503464,2.6326427,0.6794238,-0.21814483
conceptual_entity,-0.8330735,0.4733237,0.27865344,0.98341924,-1.7712511,0.2895479,1.265763,0.8548263,0.6831723,0.5947811,-0.5084478,0.7759566,0.14181675,-0.3444907,-1.6683785,1.0268241,0.375945,0.691745,0.5139244,-0.4729091,0.7523938,1.4717536,0.9677154,-0.39056367,0.42853603,0.22934827,-0.52139246,0.06876963,-0.022710085,1.5324594,1.3651099,-0.71995324
congenital_abnormality,-0.45222238,0.58930176,0.26299912,0.9839708,-0.98767954,-1.5288832,-0.45218468,-0.5444264,0.6085294,1.1924638,0.01994563,0.4222818,-0.4476113,0.3031719,-1.9867487,0.8532054,1.35418,0.404373,1.0848784,1.1432983,1.3117672,1.2466574,0.15254214,1.0833377,-0.42127654,0.22107291,0.8617953,1.3124324,0.5472293,0.7115449,-0.4000022,0.32292265
daily_or_recreational_activity,0.85372114,0.36758807,0.3783067,1.1984224,-2.6722937,-0.24450651,0.037638396,0.42778614,0.55762416,1.8347305,-0.5502894,1.2043756,-0.7984305,0.91738653,0.18019103,1.1977736,1.9560107,0.2465613,-0.52248675,-2.6112876,2.1189,0.1670936,-0.40569,-0.7193897,-0.88446224,-1.0559332,-0.37364966,-0.4396292,0.7039345,1.3227396,0.9834294,-0.39081374
diagnostic_procedure,0.56175494,-0.66193384,0.97643507,0.69666785,-0.6623572,-0.47929776,-0.16521966,-0.22481371,0.123567484,1.1314644,0.14520796,2.2889044,-0.5618363,-0.15302968,-0.4168518,-0.18659598,1.3096439,0.34513497,-0.48047724,-0.36444092,1.0882747,0.6348418,0.045546655,0.281328,0.5433288,-1.0677105,0.46202052,-0.4902071,0.35793567,1.1576577,0.78264374,0.32659945
disease_or_syndrome,0.15397952,-1.174383,-0.2135774,-0.5438387,-0.77919364,-1.1218758,-1.1046398,0.30105066,0.96187186,0.47197357,-1.3157054,0.46785107,0.046674237,0.23300448,-0.8617711,0.08048241,1.3910048,-0.443576,1.1682813,0.4306038,1.0366645,0.7924561,-0.7806344,1.1105504,0.58338773,0.068450786,-0.32433003,1.6417643,0.2714314,0.24158542,0.1631594,0.058590997
drug_delivery_device,-0.10039959,-0.49730763,-0.60272634,0.54910743,-1.8104848,0.8467998,0.2694831,-0.0073525216,-0.31928837,1.4071774,-0.18385434,2.0406199,-0.25050423,0.62615925,-0.58481485,0.2559766,0.8974425,1.8213377,0.3192565,-1.4088385,1.6202177,1.2453926,2.3337672,1.074091,1.219532,-0.90200603,-0.3839564,0.38264313,0.4520454,1.1888304,0.1477977,0.7234284
educational_activity,0.6192503,-1.4412757,0.31346416,-0.092019044,-1.5843178,-0.03807115,-0.04778732,-0.024398826,0.23336592,1.4428825,-0.46509215,2.5371897,-1.2153999,0.69723934,0.052079014,0.52166045,1.80269,-0.5555762,-0.7521321,-0.73104906,1.0908709,0.67396265,0.39628503,-0.38571215,0.47508714,-1.1946197,1.8019061,-0.814394,-0.24628948,1.3293821,0.88197577,-0.7292915
eicosanoid,0.6795388,0.8487122,0.52170944,0.47814187,-1.767471,1.2054831,-0.086182006,-0.6690939,-0.11385895,1.2736591,-0.39332777,1.5231318,0.32478863,0.757594,-2.3099542,0.0124462405,1.4776329,-0.30686334,-2.2314954,0.29110828,0.6211283,0.6608286,0.18701339,1.3253688,0.25849968,-1.266607,0.5877493,0.43784112,-0.1610515,1.1118467,-0.029430915,0.42035213
element_ion_or_isotope,0.06750777,0.47165674,0.35125405,1.429654,-1.7565867,-0.026805714,-0.3564203,-0.06669425,-0.26706576,1.3027285,-0.22362277,1.9146369,-0.9771296,0.569651,-0.16448556,-0.53717136,1.7186785,-0.098735526,-1.0191003,0.77965623,0.7577951,1.299161,-0.6815828,1.4251299,0.60942745,-2.429316,1.4817092,0.237322,0.27404132,1.9212315,-0.43059865,1.3408959
embryonic_structure,-0.39301226,-0.8517797,-0.21594097,0.6129534,-1.8026949,-0.92928725,0.5060817,-0.437206,0.106395155,0.23904909,0.15599185,1.116245,0.03216192,-0.4526434,-0.92200994,1.2864017,1.5285366,0.8375599,0.6668376,-1.3729788,1.1852772,0.44506332,1.1575421,1.0557404,-0.28710216,-1.0255947,-0.13131227,-0.029180843,0.27226692,1.1230863,-0.087108426,-1.08394
entity,0.09238598,-0.42152208,-0.51569736,2.206273,-1.4921445,-0.62547964,0.64592886,1.4825375,1.8524438,0.63700145,0.38141596,0.8058893,0.34049782,0.14813332,-0.7261779,0.66158533,0.20986648,0.17707264,0.5689008,-0.93407077,1.1040735,0.97779274,1.3242431,-0.5384869,-0.40485182,0.85206914,-0.6081561,-0.23767401,0.16608691,1.3990965,-0.5278377,-0.48188367
environmental_effect_of_humans,0.002887175,-0.5249591,-1.112004,0.44576064,-1.3634397,0.04859165,-0.28975335,-0.02071103,0.1609192,0.7212263,-0.7434601,1.725251,-0.32080385,-0.4422405,-1.9897493,0.8268065,1.4067677,0.47562203,1.4289863,0.16460694,1.5023787,0.541154,-0.21090965,0.78127444,0.5026837,-0.58814937,0.16397704,-0.65075797,0.5536422,0.90047884,0.27757657,-0.9182838
enzyme,-0.11474491,0.26295844,-0.6672285,1.299046,-1.1262461,0.9112607,0.43207186,-0.2133264,-0.4028563,1.4461107,0.53858495,1.2322067,0.42988238,-0.2518958,-0.5200629,1.0005825,1.4450058,0.7847931,-1.149421,0.8525559,0.14698511,-0.063697375,-0.55648386,1.6608301,0.80103046,-1.3949133,-0.7173677,0.48965096,0.37664083,1.6991781,0.73260814,0.62503767
event,-1.1492589,0.2674807,-0.15915594,1.4437428,-2.1139321,0.7204017,-0.42077565,-0.5750074,0.76667744,0.9367703,-0.8396859,1.3826933,-0.17855825,-0.5145321,-0.057534315,1.3849797,0.61233586,0.87204117,0.64543694,-1.5043031,0.6099328,0.8278831,-0.2491862,1.1532667,3.8609645,-0.50658375,-0.21825817,-0.45391962,-0.4257664,1.2827942,-1.5222336,-0.4165368
experimental_model_of_disease,-0.33253083,-0.49293217,-0.46426487,-0.7043924,-0.59413934,-0.88768977,-1.3407782,0.09121729,0.30493817,0.47150737,-1.300639,0.043451004,0.5719968,0.46547493,-0.90883523,0.30589134,1.7465006,-0.5376408,1.3283222,0.431946,1.0344666,1.3206414,-0.5444924,0.8651269,0.42822808,-0.16797492,0.04695401,2.0342207,0.21758135,0.98425096,0.9285789,-0.07107536
family_group,-0.09115152,1.2911385,1.3665742,1.7791737,-1.9788119,-1.863739,1.4821193,0.37894815,0.15580164,0.1501927,0.7360815,1.0188289,0.61042833,-0.19528398,0.13250226,0.6129828,2.047508,0.24589567,0.6352798,-0.29968092,0.34940833,1.0820931,-0.8031046,1.760006,-0.021627104,0.08976578,-0.61074585,0.21531902,1.029416,0.84903604,0.8745251,1.0355916
finding,0.28603902,-0.24963988,0.4667511,2.6651156,-2.2427127,-0.96517813,1.2450031,-0.015565364,-0.013590792,1.6779077,-0.2310721,1.3774316,-0.066417865,-0.1460408,-0.2798425,0.304206,1.4877008,-0.29658723,-0.5496475,-0.6857614,2.0842488,0.93753356,-0.83784837,0.50556844,0.29517576,-0.111980066,0.032759182,-0.22994888,0.40275493,0.8025594,-0.014120217,-0.33886495
fish,0.61291987,0.7834067,0.6848266,1.3077358,-1.6978282,0.5234634,-1.6483493,0.88785547,0.25758097,0.82364106,0.55795807,1.2781163,0.5874577,0.5731588,-0.9494998,0.02951141,2.0399978,1.0960953,1.5069908,-0.75114524,-0.31661382,-1.2096994,0.7579295,2.21214,-0.14634758,-0.96808064,-0.47158635,0.13231234,0.41836312,0.96658486,0.7139595,0.22241347
food,-0.27165905,0.39334798,-0.18130696,0.71714115,-2.4747698,0.5742186,-0.0149845695,0.98231936,-0.17129293,1.5074759,0.23244706,2.4226499,-0.17971238,0.52975076,-0.48334363,1.450397,0.8717405,1.3079588,-0.46509162,-0.6108525,0.9538982,0.9233801,0.18356006,1.5678668,0.06422281,-1.5522472,1.2946734,0.21744332,0.52691686,2.8151164,0.022968572,0.5097992
fully_formed_anatomical_structure,-0.4565257,0.47303483,-0.82526946,-0.15890872,-1.3476584,-0.6040874,0.1729247,0.62846947,0.054749727,0.23939452,0.28930137,0.7121863,-0.28528902,-0.40290904,-0.45098588,1.2297422,1.0333744,-0.5977296,1.1041448,-0.9271481,0.95171225,0.80798924,0.63799363,0.71149486,-0.52389956,-1.5566914,-0.37203234,-0.048867498,-0.80226934,1.2775501,0.15898293,-0.26478645
functional_concept,0.5571482,0.4681499,0.029361533,0.73962903,-1.6900482,-0.23708357,-0.27653238,1.2175006,0.025512068,1.1354225,0.20942019,1.0536623,-0.6064203,0.450304,0.2772004,1.5650761,1.6874117,-0.14040516,-0.028801665,-0.035551455,1.2208192,0.2592293,-0.28712234,0.5165549,0.13478641,-1.3548788,0.3328519,-0.17092581,-0.039076284,1.1746732,0.11242466,0.513523
fungus,0.92707586,0.07478789,-0.16524328,0.30579272,-2.3484077,-0.44676214,-1.3471493,0.68298215,0.04657817,1.5124156,0.46759441,0.90862316,0.38381776,-0.10861089,-1.5511595,0.16697039,1.8786947,-0.44173458,1.2026936,-0.8657313,1.0763355,-2.5736651,0.43668166,0.69094366,-0.17263739,-0.98292243,-1.092427,0.29663572,0.5608534,0.08508848,0.84149283,0.016948674
gene_or_genome,0.14789641,-0.80988944,-0.5058048,-0.93303466,-1.8775021,-1.0911652,0.29319605,0.14077996,-0.28697917,0.65596837,0.11771919,1.3180735,-1.3036985,-0.3369223,0.20464809,1.1755484,1.3897936,-0.29395616,1.177784,-0.40410614,1.1096236,0.8686124,0.9937013,0.6717722,-1.1269516,-1.8525417,0.3974994,-0.13864402,-0.5463042,1.3828411,-0.3482426,-0.260235
genetic_function,0.2196965,0.037724774,0.024584446,0.619476,-1.2270565,-1.1285129,-2.1790693,0.2219282,0.3424248,-0.97486657,0.4022474,1.355955,0.007921905,0.2465864,-1.4751298,0.3739176,1.3908483,-1.2650954,1.4417237,0.035716277,1.5041121,-0.30671474,0.23484832,0.8117493,-0.8272328,-0.36975047,0.013141546,0.66546273,-0.42131144,0.8451827,0.59967655,0.6452817
geographic_area,-0.01341626,-0.13853988,0.3634703,0.6232237,-1.4724326,-0.41762444,0.54020363,0.58428013,0.021564115,1.0568376,0.06226408,2.5204117,-0.5555241,0.08585114,0.0794394,1.8198489,1.5484514,0.2987289,0.10905808,0.25480145,1.6209588,0.7026432,-0.46516067,2.3439763,-0.2897122,-0.4283845,-0.51352614,0.014269397,0.7099035,1.3906723,0.48096383,0.33260992
governmental_or_regulatory_activity,0.5731137,-0.055224113,-0.34799555,0.31174344,-1.3980933,-0.56120175,0.36728668,0.030231532,0.81490433,1.368696,0.14273438,2.2736988,-0.28894493,0.19604887,0.720935,0.61242175,1.7173482,-0.5423873,-0.55692995,-0.88148314,1.175469,1.0110126,0.20040093,-0.36783004,0.6895628,-1.171864,0.8578604,-0.39421833,0.2907373,1.7022396,0.71367365,-0.05429877
group,0.09040682,-0.07557077,1.6551238,1.5343645,-1.8238416,-1.5151098,1.3114061,1.1914182,-0.08628192,0.6557378,0.6094349,1.1247663,-0.32529935,0.10461627,-0.2594916,0.32849264,1.6896734,-0.30295163,0.500711,0.25853315,0.13824186,0.9494305,-0.27721187,0.93711805,0.15992716,-0.105474025,0.32793376,0.51305664,1.4531733,0.77243954,0.56852096,0.70550364
group_attribute,-0.08978698,0.4140451,-0.09573913,0.5314159,-2.2238894,0.37828508,1.6986842,1.2706249,-0.39634088,1.0280813,-0.39145464,1.8497032,0.32815057,-0.266898,-0.057725456,1.1454576,1.9924798,-0.27018285,0.7980669,-1.3045813,1.0773387,1.2629904,0.26651028,2.0552878,-0.7204918,-0.39836475,-0.021364389,0.6899502,0.1706463,0.5449016,0.4525013,0.9122805
hazardous_or_poisonous_substance,0.20721833,-0.10177613,-1.2976481,1.9824392,-2.2624662,-0.12716466,0.30657762,-0.4134479,-0.2749163,1.5999022,-0.300426,1.1193339,0.33296365,-0.112850085,-0.6081288,-0.6465055,1.2961389,0.68537986,-0.9914719,0.62127584,0.124525085,-0.109176084,0.53135043,0.7767949,0.6210536,-1.9083399,0.18870853,-0.17326155,-0.7366598,2.346216,0.21739139,0.8066855
health_care_activity,0.12693231,-0.5464878,0.63463724,1.7474533,-0.81702137,-0.33672205,-0.2833772,0.0022025167,0.25565794,1.4140215,-0.69672376,1.9306082,-0.3790119,0.98725396,-0.26832926,0.2840516,1.8837198,-0.06833479,-0.21878387,-0.54699355,1.4382725,0.48349765,-0.31154773,-0.38324994,1.2824603,-1.5350403,1.6811582,-0.83072954,0.47084424,1.2508612,0.74862856,-1.2910057
health_care_related_organization,0.85802925,-0.92457515,-0.68966246,0.7753279,-1.896718,-0.4711055,0.43005398,-0.1498264,0.9645663,0.91761184,0.5441843,0.28615442,0.4353908,0.39404744,-0.5883824,0.38184154,1.281986,0.31372258,-0.20131287,-0.6846492,0.8115352,0.47540024,-0.59696424,1.6838999,0.3724203,0.20717777,0.53415424,-1.2055196,0.5877521,1.4926026,0.06562839,0.12150738
hormone,0.6544755,0.8747756,-0.77386004,0.65368044,-1.5684977,1.0552868,0.45268664,-0.389352,-0.5018281,1.4236605,0.3958555,0.96319675,0.05902565,-0.17115918,-0.83194476,1.0504661,1.3323206,0.10228302,-1.228844,0.27773863,0.28585228,-0.12095486,-0.29786626,1.870516,0.2173218,-1.4154289,-0.1952714,0.4144057,-0.12546071,1.8695382,1.2491221,0.076915845
human,0.4613584,-0.61813134,1.7418971,0.9190021,-1.5137634,0.3388076,-1.5761185,0.29226595,-0.48227128,0.70715904,-0.2921024,0.55109906,-0.30546516,0.7529374,-0.93491966,-0.2708159,1.7491965,0.51462257,1.1054717,-0.7487717,-0.016686976,-0.6775257,0.21485169,1.8681979,1.6469344,-1.0431104,-0.74419045,-0.06175721,0.16197222,1.230057,-0.11694856,0.9383377
human_caused_phenomenon_or_process,-0.34324402,0.45285532,-0.5886962,1.5642824,-1.4276438,-0.16888544,0.34668127,1.0465993,0.10420874,0.928934,-1.721861,1.2298268,-0.2808496,-0.06304068,-2.2557507,0.25289142,0.8092745,-0.32189503,1.540461,-0.19954167,1.7836639,0.2841387,0.11363286,1.373883,-0.5477306,-1.1302278,0.5593819,-0.6652431,-0.0010942587,1.4323199,-0.02266829,-0.5542311
idea_or_concept,-0.5491259,0.11066879,0.047124676,0.82523483,-1.4695681,0.17611343,0.38812312,-0.2123775,1.419279,2.0244644,0.27434987,1.1538298,0.30208084,-0.12646583,-0.73654073,1.6445286,1.3140457,-0.41745102,-0.29079673,0.2641158,1.5542022,0.4777851,0.17889166,-0.08173644,-0.87651557,-0.29249346,0.1820576,-0.94437003,-0.06418691,1.0050652,-0.5124204,-0.82117474
immunologic_factor,0.123034686,0.8869023,-0.5267716,1.2905014,-1.585545,1.4327378,-0.046544105,-0.28954378,-0.3146134,0.8935603,1.0028548,0.9098792,0.39632314,-0.5054253,-0.6403791,0.689473,1.3694487,-0.08127797,-1.0931792,0.5865697,0.5981178,0.1675426,-1.0254947,0.9450644,0.48548254,-1.4548925,-0.05693071,0.3669282,-0.6701557,1.2389358,0.7190591,1.3173401
indicator_reagent_or_diagnostic_aid,0.09602927,-0.52819246,-0.51702726,1.4091159,-2.553018,0.08955924,0.61486197,-0.8846969,-1.4020288,1.4692752,0.31511566,0.87289816,-0.17854899,-0.23282877,-0.53708184,-0.63451064,1.3929294,0.48672765,-0.7506989,-0.05279969,0.76472896,0.2711714,-0.48783475,1.8715913,0.28377652,-2.6482174,0.14823678,0.42377216,-0.03242443,2.4192705,-0.2548193,0.5357412
individual_behavior,1.3891174,0.33532774,0.38924006,0.6896632,-0.7509845,-1.1215374,0.9567422,1.089636,0.45657408,1.2574353,-0.2277638,0.7452558,-0.75333804,0.26212728,-1.5226629,1.0669398,1.6787921,-0.5418358,-0.73470473,-0.251108,0.8240376,0.5040381,0.33482382,0.5488572,-0.41093287,-0.8969015,-0.4715784,-0.46320873,0.5243322,1.407414,0.89958966,0.35070345
injury_or_poisoning,-0.7914451,0.4764879,1.1893708,0.5950194,-1.1969132,-1.6529073,-0.22279905,-0.118216634,0.12480951,0.83859015,-0.29098487,0.47856215,-0.56313086,-0.08291695,-1.4594284,0.6699903,1.8727095,-0.18157583,1.3502814,0.26104414,1.7610732,1.0061252,-0.92638797,0.7945272,0.83863926,-0.24838953,-0.3927825,1.7590023,-0.9265996,0.20686376,1.1892626,-0.35221314
inorganic_chemical,0.002127815,-0.18825522,-0.3278585,0.92195696,-2.3544562,0.17054264,-0.06526074,-0.74256986,0.41103002,0.8041351,-0.23409414,1.9202583,-0.19296135,-0.2104824,-0.4061801,0.12024903,0.66604,0.2695639,-1.4111291,0.2272849,1.1262463,1.2989407,-0.28517568,2.0064735,0.71024954,-1.4642422,0.39789927,0.2332422,0.45986032,2.4212198,-0.27396557,0.228871
intellectual_product,0.37817806,0.30139273,-0.35284835,-0.12102611,-1.1018137,1.1971884,0.85476863,0.6831789,0.08247972,1.6173927,0.35756707,1.9957974,-0.17799017,-0.26455864,-0.97402894,0.8720705,0.9116123,0.11245653,0.29918405,-0.73180985,1.4278812,0.2517384,0.6629116,2.19118,0.43015996,-0.17919013,-1.4504099,-0.15519218,0.18433145,1.3912541,-0.032285042,0.89997464
invertebrate,0.15920022,0.39085892,1.4107393,1.6156486,-1.7395122,0.42289308,-1.1236,0.18049148,0.011750106,1.1765357,0.66704243,-0.176263,0.012109954,0.39557597,-1.0246507,0.004613977,1.9534737,0.40699014,0.8934077,-0.86879426,0.5044953,-1.4632635,1.3069042,0.8060482,-0.13798253,-0.7515863,0.8070018,0.2499724,0.23908845,1.5807687,0.7322825,0.5783975
laboratory_or_test_result,0.30493715,0.22924438,1.2903041,2.0164938,-2.104836,-0.33846787,0.77871364,0.53172916,-0.046258993,1.1400065,-0.047685552,0.7101865,0.47160175,0.37536797,-0.453552,0.5004007,1.3126029,-0.25964263,-0.9478043,-0.6078159,1.3797133,-0.3217931,-0.63498086,1.0158414,-0.28388584,-0.19099517,0.7675697,-0.1297388,0.70121634,1.8359487,-0.06369297,-0.21163005
laboratory_procedure,0.7449788,0.36276558,0.6681585,0.71173966,-0.83141345,-0.02397893,-0.40197164,0.24204005,-0.05985496,1.1538614,0.5188976,2.7084446,-0.7056515,0.07337665,-0.47007635,0.06483879,1.8615779,0.11791146,-0.43355545,-0.9746347,1.4593278,0.6398228,0.66613734,0.13447207,0.45861056,-1.7298622,-0.027012082,-0.11211486,-0.023134243,1.2674438,0.714439,-0.70720595
language,0.26270005,-0.021831397,0.51803553,2.3971324,-2.4836578,-0.9985061,0.039220855,-0.042561635,1.2034442,2.0054893,-0.54391575,2.3494928,-0.19735438,0.45524085,0.095317386,1.3090726,2.8395553,0.6960988,-0.36618185,0.0002890306,1.3885612,0.20245704,-0.39392114,1.1504316,-0.42687523,-0.7833056,0.37669075,-0.42084283,-0.032391407,1.3462373,-0.55799407,-0.78532755
lipid,0.18267258,0.54927427,0.17295021,0.800102,-1.5021642,0.7872962,-0.0066895187,0.3645245,0.23128282,1.3300234,0.2928322,2.0176115,0.7604925,0.4256636,-1.1318192,1.0405353,1.308229,0.635265,-1.3379349,1.6376251,0.88153595,1.294084,0.140405,0.46401677,0.67507714,-1.746997,0.43030703,0.22426273,-1.0522629,0.98423195,-0.6382033,2.24134
machine_activity,0.8443246,0.6390258,-0.10264865,0.45792216,-1.7350669,0.3826379,-0.11705376,1.6141379,1.2490056,1.0753332,0.57584614,1.0857224,0.108744964,0.8346762,-0.9385725,0.74725485,2.2575068,0.35191473,-1.9248102,-0.38547748,1.2872938,0.062160723,0.73607445,-0.2383885,-0.33233348,-1.0700407,0.38582438,0.20544446,0.39991334,2.0864983,1.1719908,-0.47302517
mammal,0.95529586,-1.1684399,0.93710077,0.20687948,-1.9944932,0.58199906,-1.614274,0.19939657,-0.035219185,1.0495807,0.29659042,0.869966,0.564088,0.4745393,-1.9855477,0.71608686,1.627447,2.1608553,1.4916211,-0.72611046,-0.04760097,-0.9643813,1.0561965,1.1830823,0.004959338,-1.0651901,0.5280283,0.28998646,0.87544924,1.0717444,-0.23040175,0.7418536
manufactured_object,0.32569742,-0.7009091,-1.8367242,0.051580414,-1.3114063,0.9195144,0.20944725,0.98244596,-0.5347351,1.5986476,-0.46936545,1.5486952,0.26536518,0.38252318,-1.0522195,0.78954023,0.9966712,0.55479,0.30631965,-0.3905696,0.94510204,0.20267983,2.2992811,0.37260082,0.10222931,-0.8633138,0.45444664,0.2743277,0.49553546,1.7949909,-0.036436237,-1.0324165
medical_device,0.08229004,-0.30888534,-1.276072,0.17573361,-1.442341,0.4427022,-0.080907196,0.47651407,-0.34516928,1.210301,0.5350589,2.177069,0.1359433,0.66315424,-0.27464873,0.4266731,1.0310146,-1.1178353,-0.292958,-1.1969804,1.0167104,0.38151044,0.835768,2.0435019,0.50662637,-0.7459064,0.46404448,0.18402444,1.7361733,1.2778429,0.46464583,-0.22320367
mental_or_behavioral_dysfunction,0.13742737,-0.81693125,-0.2313175,-0.42671323,-0.86139697,-0.6756382,-1.1561967,0.19370902,0.784669,0.28444928,-1.3426367,0.10305551,-0.2695619,0.10627935,-0.9462712,0.35129514,1.2520539,0.5076956,1.0263846,0.6640757,1.1135749,0.7486726,-0.75208604,0.65424675,0.107991986,0.18386354,-0.38096806,1.3571656,-0.46676996,0.18501225,0.5080495,0.22061111
mental_process,0.32020655,-1.072956,-0.54757303,0.6595928,-0.89493984,-0.37094384,-1.7330556,-0.36152703,-0.87353265,-0.6583036,0.6151703,1.056041,0.095336884,0.67756176,-1.3572863,0.2108242,1.1490425,-0.257962,0.736728,-0.5574582,1.3987203,-0.5248309,-0.11974392,0.5678952,0.9401503,0.063586816,-0.66458416,-0.0073114103,-0.15055677,0.21592635,0.6441794,0.10619121
molecular_biology_research_technique,0.82310426,-0.16127442,0.64467865,0.46636364,-1.8373269,-0.48020375,-0.08753418,0.7306546,1.2710936,1.133196,0.5753407,2.0920413,-0.48610938,0.21415193,0.2837259,-0.0639661,1.2773606,0.90657824,-1.5394224,-0.8169644,1.542173,0.05586467,-0.24662253,0.22180389,0.8524144,-1.4772779,0.91553754,-0.54119503,0.7918239,1.81813,1.4987872,-0.41692403
molecular_function,0.3582711,-0.26323542,-0.1704238,0.52100444,-1.0009677,-0.8099851,-2.3888857,-0.24515502,0.35702598,-0.5037389,0.517936,1.1338849,0.9295002,0.61352426,-1.8584197,0.49884632,1.4076908,-0.7986175,1.0187474,-0.24648482,1.5059223,-0.24440423,-0.053617675,0.44179687,-0.56736535,-0.45435813,-0.41092268,0.7833089,-0.19622605,1.2977673,0.62232774,1.2311687
molecular_sequence,-0.03960992,-0.08788666,-0.30017838,0.5985308,-1.4521768,-0.5496672,1.2267784,0.38750216,0.6144204,2.1489267,0.6261413,0.9484047,0.22886619,0.5902577,-0.7494421,2.3041382,1.2378716,0.689674,0.020430923,-0.31526777,1.0111322,0.21558031,0.08996856,0.46318516,-2.3406985,-0.9030143,-0.14033091,-0.5061432,0.59457636,1.2482429,-1.6140194,-0.9728598
natural_phenomenon_or_process,0.8428554,0.8016028,-0.68149036,0.6917325,-1.0938264,-0.20836152,-1.3729807,1.933842,0.46401873,0.32753474,0.38122836,0.9800135,0.05596004,1.5967379,-1.3205476,-0.40119016,0.51765984,-0.27944577,1.93191,0.23389451,1.3684978,0.6675723,-0.6544822,0.36193854,-0.061389226,-0.8967645,-0.20680147,0.8081681,0.6166212,1.7050987,0.75528705,-0.36490548
neoplastic_process,0.14374268,-1.0379962,-0.5250763,-0.20827483,-0.74338335,-1.2904645,-1.0344727,-0.19456388,0.28390852,0.43638855,-0.96422833,0.09233813,-0.26663986,0.7475,-0.96194595,0.123594485,1.4917905,0.20287529,1.0527831,0.5505047,0.90946573,0.8823571,-0.6409074,0.33446082,-0.27999008,0.15898538,0.44892284,1.4359658,-0.79938084,0.68797743,0.34238055,-0.4489952
neuroreactive_substance_or_biogenic_amine,0.1999744,0.16028553,-0.39172572,1.4138546,-1.8309273,1.4558182,0.349053,-0.25850514,0.7009206,1.6272092,-0.3702028,0.76793104,0.26135778,-0.023827761,-0.5312358,1.0493804,1.2988853,0.6612641,-1.2172965,0.07533693,0.22750774,-0.23988596,-0.61278987,1.2584773,1.2298707,-1.201813,0.6778408,0.53543156,-0.3696687,1.893226,1.2242945,-0.005755552
nucleic_acid_nucleoside_or_nucleotide,0.48092353,0.7920302,0.48404735,0.4432317,-1.86365,0.0058416305,-0.36914968,-0.5683024,-0.3745979,0.84591913,-1.0034665,1.6051621,0.03715666,-0.23887312,-0.9721512,1.4276396,0.8964656,0.16454032,-1.5702535,0.51679385,0.9844422,0.38002494,-0.34897625,1.5333924,0.98160356,-1.5094154,-0.042557083,-0.2756213,-0.3618281,1.2714524,0.66006845,0.18298392
nucleotide_sequence,0.90103215,0.3835281,-0.32700545,2.1632826,-1.4232022,0.06616245,0.37113583,1.2911079,0.4719739,0.8604652,-0.10747931,0.6970378,0.46899167,1.0980582,-0.045603514,0.20873293,1.1744552,0.48503074,-0.4650355,0.073856935,1.1057221,-0.16318667,-0.038363487,1.5613457,-0.59958154,-0.59237695,-0.54926795,-0.47790137,0.71447176,2.158279,0.5585571,-0.45226684
occupation_or_discipline,-0.8132214,0.2818769,0.01653688,-0.07483313,-1.0483251,0.31789395,0.8226368,0.05158577,0.19834347,0.61287355,-0.27932724,0.30039555,-1.351194,1.5255058,-1.7518888,0.4518812,1.5744874,0.13444608,0.33496892,1.9953008,-0.54733247,0.969705,0.44954133,0.28077272,-0.36764938,-0.5489522,0.088778265,-1.4144061,1.8677149,-0.27417642,-0.12899062,-1.2851795
occupational_activity,0.26797566,-0.10238978,0.4435903,0.27813944,-1.4903815,0.17008264,0.06307647,-0.67590344,0.9942781,2.0160003,-0.27266943,1.8236641,-0.9835243,-0.1810684,-0.13873878,0.16466598,1.489115,0.046189696,-1.2273501,-1.8626977,1.006388,1.2610826,-0.08643442,0.59182435,1.9267966,0.21273023,0.91084737,-0.85183024,0.60730755,1.0017141,-0.008519067,-0.24812613
organ_or_tissue_function,0.501253,0.056424227,-0.4612995,0.19770727,-1.218194,-0.92005426,-2.3373787,-0.22651999,1.3109038,-0.59758127,0.37755108,0.86089885,0.17865066,0.7456154,-1.7858608,0.25864294,1.3787276,0.65367377,0.8954015,-0.34601507,1.438593,0.13074939,0.23472255,0.44764134,-0.7836144,-0.30270493,0.09466137,0.63808686,-0.15116583,0.9001943,0.35859483,0.5333863
organic_chemical,0.3559048,-0.64261067,0.3123708,1.7757226,-1.952305,-0.06731234,-0.40698487,0.47535667,-0.06140008,1.6062658,-0.511368,1.1570448,0.92730355,-0.7505293,-1.1444755,2.4093235,1.3464303,0.006544568,-1.535531,0.18087651,0.49463078,0.44311616,-0.1886417,1.0203637,-0.12990795,-1.1093785,-0.2254094,0.3433565,-0.07973057,0.51425844,-0.017989889,-0.7335145
organism,-0.59865993,-0.15053633,1.4106003,0.6649284,-1.2217256,0.39582053,-1.5811592,0.574244,0.6245948,1.2659544,1.1276417,0.24479687,-0.3707149,0.74081963,-1.269647,-0.41553983,1.0488079,0.23029174,1.2509362,-1.2082438,0.380208,-1.0796044,0.37336162,0.19523467,-0.9546873,0.017928788,-0.25576812,0.23615347,1.2185503,1.9061538,1.0056387,0.5815003
organism_attribute,0.95819294,0.36543956,-0.5428587,-0.39433935,-1.4463627,-0.68218523,-0.49830332,0.039775863,0.12944673,1.7225214,-0.50494796,0.13309632,0.49637526,0.69160545,-0.14226066,0.47490945,1.3767828,-1.3023722,0.47172183,0.30911902,1.1498373,1.9144808,0.8988853,1.3385577,0.4702127,-0.12650076,-1.2019498,-0.2705063,0.7000096,0.58075714,1.4675556,0.50731266
organism_function,0.628486,-0.49327877,-0.41311792,-0.18229367,-1.0405712,-0.65965146,-2.3170536,-0.13947949,1.3224013,-0.7082214,-0.00757941,0.858772,0.45465994,0.42018518,-1.5160121,0.5008585,1.4542454,0.07213316,0.57223266,-0.5062581,1.1162248,-0.34673646,-0.71575,0.7381259,0.975773,-0.05171332,-0.078440346,0.6110289,-0.46928528,0.9774634,0.43890667,0.5436912
organization,-0.049923494,0.2516545,-1.1379007,1.3791207,-2.2021823,-0.7408737,1.0241818,0.59138674,0.82195807,0.49099514,0.5608074,-0.5182001,0.37982813,0.089923784,-0.6945697,1.0428969,1.3117154,0.45290607,0.034777343,-0.7822815,0.72668874,0.7430231,-0.48799255,1.3593626,0.2726024,0.17370307,0.58058816,-0.47037774,-0.24740545,0.7471754,-0.13617644,0.47362012
organophosphorus_compound,0.055786952,0.74825305,0.14595073,0.5129025,-1.8069196,0.15786305,-0.516734,-0.23276716,0.052312378,0.9323604,0.5931575,1.8983693,-0.15751004,-0.004534371,-1.168076,1.4205848,1.4459639,-0.2286837,-1.4645013,0.3760756,0.61187536,1.1702976,-0.43298656,1.4705261,0.013073657,-1.3317274,0.38085666,0.021160696,-0.7704405,0.65765214,0.66894615,0.7692282
pathologic_function,0.23075227,-0.64870363,-0.20347813,-0.6528432,-0.7377355,-0.8658104,-1.5061457,-0.44368032,1.3530707,0.5565442,-0.85295326,0.16409472,0.14992419,0.90884054,-1.0317292,0.62378675,1.3193432,-0.15962017,1.2264379,0.629333,0.9261412,1.1952479,-0.8794345,0.7806152,0.06748155,0.25050744,-0.43379465,1.3090678,-0.75255144,0.71693677,0.7741569,0.13355486
patient_or_disabled_group,-0.017927822,0.40204832,0.75161064,0.70884424,-2.069753,-2.0022008,1.400161,0.27334264,-0.22791609,0.27891973,0.096569926,0.85551196,-0.36548275,-0.10178764,-0.5672811,-0.018778244,1.6936562,-0.4335507,0.5405402,0.32785133,0.018364783,0.60442054,0.0010023532,1.4854895,0.6228908,0.26982513,0.4254176,0.57458705,0.73925745,0.43847093,0.22273515,0.20333716
pharmacologic_substance,0.03562089,0.38506266,-0.14511071,0.72302204,-1.9400296,-0.2538592,-0.4350986,-0.38657984,-0.17261535,2.1070414,-0.31285885,1.7917058,-0.1561702,0.31686825,-0.24022596,0.6018197,1.1713208,-0.23788312,-1.494745,-0.23324451,0.43272787,0.46427995,-0.5308566,1.9431283,1.29903,-1.2041492,-0.34582564,0.7675939,0.27902865,1.6801268,0.42698452,0.06712995
phenomenon_or_process,-0.55431044,0.36612177,-0.23043822,0.90268093,-1.3394228,0.5107789,-0.21571317,1.1776111,1.3490938,0.8364912,-0.29515716,2.3302126,0.45710927,-1.0531219,-2.1994898,1.0798416,1.5895152,0.2717928,2.9887962,-0.49900636,1.5504513,1.6335675,-0.12245993,0.66903186,1.7888417,-1.0590494,0.1581432,-0.731399,-0.7750638,1.4352512,0.13655145,-0.7153595
physical_object,0.22578602,-0.8768109,-0.28279513,1.9838918,-1.3735446,-0.72289586,-0.30156985,1.5318111,-0.35062638,1.7977241,-0.3549564,1.4290676,0.7058619,0.35005516,0.41302967,1.1166877,1.1390389,-1.14283,0.6033496,-0.41348624,1.3496873,0.6642654,0.4409226,0.13849303,-0.8418493,0.761269,0.67414755,-0.66922456,-1.1054024,0.6401113,-0.40650564,-0.53694755
physiologic_function,-0.1694169,-0.090841815,-0.13627733,0.4369012,-1.0256798,-1.0106457,-2.088049,0.7888959,0.43648243,-0.81959516,0.27822465,1.8020307,0.7629444,0.5262083,-1.2135164,0.6285227,1.1466057,-0.5700513,1.5161595,0.2608921,1.6468418,-0.13884564,-0.2967658,0.5179243,-0.17480606,-0.74057174,-0.37184387,0.9719003,0.400153,1.147332,1.0221592,0.69851685
plant,1.0531523,0.6266045,-0.22157362,0.47291827,-1.9056435,0.30504203,-0.9023651,1.2045243,-0.33484596,0.66244656,-0.119291656,0.40774658,-0.030450936,0.4387875,-0.75264883,0.81499285,1.7053875,-0.34234807,1.4481884,-0.78249264,0.6651124,-1.1649375,0.96599305,0.91275996,-0.57803226,-0.16908854,-0.33586505,0.29262972,0.6181147,0.5551283,0.16705205,0.046086885
population_group,-0.2863968,-0.40636826,1.625595,0.8921641,-2.1403086,-2.110138,2.0933597,0.3637754,0.30625862,0.59221154,0.37642652,2.0321202,-0.3758051,0.0013199642,0.44231382,0.57256645,2.7217236,-0.7797893,0.82906806,0.16543856,0.628852,0.7803821,-0.26452443,1.1186298,0.17164932,0.083914734,0.17981276,0.4033403,0.8978938,0.8699807,0.32311392,0.47281107
professional_or_occupational_group,0.2840797,-0.21022731,0.64118,1.527526,-1.4334192,-1.1363587,1.6718127,0.63363373,0.08404884,0.5857691,0.0911622,1.143885,0.4204109,0.14122842,0.09382056,0.23829737,2.383793,0.19716156,1.1292995,0.12100716,0.44951352,0.89831764,-0.39439777,1.1186448,0.17049193,-0.23826896,0.28522313,0.06589423,0.9708313,0.79961365,0.34069127,0.3747967
professional_society,0.45879188,-0.61299914,-1.1228234,0.34548837,-1.7199976,-0.37292263,1.2276573,-0.43468282,1.3051122,0.6765409,0.26736107,0.15509671,-0.0055698156,0.9097911,-1.0072931,0.5906612,1.4186815,0.37656862,-0.02658782,0.28151155,0.6041093,0.48013335,-0.41452962,1.3369521,0.10658837,-0.087707445,0.6584375,-0.24594693,0.4053297,1.4654552,0.18785559,0.17868498
qualitative_concept,0.57045543,0.42419016,1.5571201,0.7098783,-2.2092419,-1.26681,-0.28501993,0.74740857,-0.41547292,0.6219799,-0.3372579,1.2872994,0.16967475,0.16033547,0.003883312,0.5367569,2.261232,0.59659344,0.07535275,0.61704016,1.5403997,0.4930603,0.48070547,2.689447,-0.271346,-0.831949,0.11606136,0.2916706,-0.054319713,1.8121564,-0.8917859,-0.020917898
quantitative_concept,0.4596244,-0.16587636,0.3868654,0.16015774,-2.0275085,-0.03007064,0.70529,0.58693457,1.2505683,0.976063,0.36443567,0.87082916,0.2522649,1.6588655,0.10451022,1.1915504,1.5088657,0.6114658,0.0009566073,0.38306835,1.6033738,-0.094023466,1.0824953,0.24339956,-0.08169146,-1.8056989,-0.30236363,1.2116175,-0.20449218,1.7477088,0.25405928,-0.29236436
receptor,0.16518196,0.93779635,-0.45618132,0.8993524,-1.7325237,0.74740666,-0.152759,-0.68120474,-0.49188775,1.332667,0.22202747,0.864864,0.13852103,-0.17149651,-0.87845576,-0.13769354,1.2040026,0.73036695,-1.1908435,-0.0021627229,0.5508165,0.1274328,-0.9522746,1.5858126,0.44485977,-1.139835,-0.6571179,0.402683,0.1736112,1.6967344,1.1169333,1.4973626
regulation_or_law,-0.31468675,-0.013812554,0.51366115,-0.3597029,-0.50831705,0.69446105,1.0211118,0.17727895,0.30768883,0.6045897,-0.5436931,0.57104784,0.77417314,0.32297626,0.06841861,0.9610754,1.3986436,0.47613057,-0.08840777,-0.44744056,0.6494821,0.57511795,1.1080527,1.293503,0.15750909,-1.0556139,0.1635026,0.08716278,1.1052114,1.6150842,0.54767466,0.12523352
reptile,0.4623835,-0.21545407,0.964765,0.83065665,-1.8399123,0.5450162,-1.0430803,0.15451698,0.21040475,1.6842588,0.45329154,0.131896,0.28178167,0.4605473,-0.54228127,0.53884226,2.0217,0.86641693,0.99521786,-0.15190406,0.21321188,-1.3019067,0.61811185,1.6790235,-0.45967048,-0.8105744,-0.10909209,0.7624166,0.8815346,0.59018075,0.15428701,0.45444524
research_activity,0.645147,0.23955138,-0.4397919,0.55871725,-1.4085208,-0.1471777,0.28670755,-0.10520337,-0.15537585,1.281071,-0.39540896,2.7013552,-1.5366497,0.2121602,-0.09909274,0.09274686,2.10707,0.40875524,-0.70125276,-0.67118096,0.98116744,1.0848792,0.6270199,0.089878805,1.727141,-1.416133,0.027304018,-0.73952484,-0.040606532,1.0942758,0.5297705,0.54989094
research_device,-0.058015253,0.4104251,-0.5301161,-1.0171834,-1.6328639,-0.11896619,0.23211038,0.9413963,-0.4371497,1.2363616,0.80124307,2.009796,-0.48141026,0.48164544,-0.39970797,1.3427048,0.65600187,-0.42193434,-0.46587023,-0.41514385,0.9170468,0.586203,1.7693424,1.8896916,0.53363883,-1.3170238,-0.58082473,0.7656267,0.35261133,2.5805469,-0.062063996,-0.41601676
rickettsia_or_chlamydia,0.6904629,1.0613095,0.068674326,0.2381025,-1.7869283,-0.53458077,-0.7865322,0.5338056,-0.32221717,1.0477638,-0.5010737,1.1972895,0.31331676,0.17107965,-0.598357,0.028230699,1.5952183,1.441752,1.807794,-0.34166682,0.6282769,-1.6143351,0.52737135,0.45742846,-0.16322936,-0.70078737,-0.2644859,0.716503,0.5271727,0.7978439,0.5987333,0.9341097
self_help_or_relief_organization,1.0137147,0.12601583,-0.5064353,0.23924382,-1.8867415,-0.26582754,0.20068781,-0.58629596,0.39521357,1.4934038,0.6626164,-0.10693055,0.4304204,0.6516472,-1.0721421,0.8996107,1.3144364,-0.67941934,-0.22133605,-0.70657927,0.4924983,0.6453642,-0.07086252,1.2896369,0.48163295,0.25517657,0.3622555,-1.0028287,0.011873367,1.4461612,-0.11556564,0.652458
sign_or_symptom,0.47698897,-0.33602643,1.290087,0.9751114,-1.8827236,-0.10703322,0.19176504,0.4582885,1.4505979,1.7359,-0.656813,0.10028174,-0.6867306,0.5436215,-0.5885114,1.1445982,1.1919885,-0.3218207,-0.62216085,-0.45381898,1.199129,0.9672152,-0.9992989,1.1897001,-0.534503,-0.87033105,0.81028026,0.34358338,0.10894293,0.9085449,-0.46224707,-0.57395375
social_behavior,0.9220473,-0.22090656,-0.0626645,0.24712199,-0.63095033,-0.2636739,0.85660386,0.4167438,0.12058005,1.1792508,0.13575824,0.1296009,-0.5908235,0.8752024,-1.3497648,0.6704819,1.0879374,-0.4116886,-0.71551305,0.011875242,0.5636333,0.6156167,0.27478594,-0.1778661,0.022465643,-0.55880266,0.20892759,-0.086979926,1.5825033,2.2011588,0.3418187,-0.11427608
spatial_concept,-0.07712683,-0.31067497,0.19130301,0.67845714,-1.2388464,0.19965445,0.5134117,0.43271816,0.4088945,1.7463518,0.48684874,0.89392054,-0.5708583,0.07868345,-0.29111895,1.0471029,1.2029659,-0.36527908,-0.03547142,-0.6000307,0.95575136,1.0874529,0.04043658,-0.14315547,-2.7900827,-0.3499379,-0.2740839,-0.3990982,0.5398073,1.5770814,-0.16641603,-0.64034396
steroid,0.072775595,1.2973485,0.07040022,0.9826904,-1.8209327,0.25805938,-0.9036591,-0.047548834,0.5904771,1.0814989,-0.02168261,1.3864609,-0.081007145,-0.0009826586,-1.41903,0.70597357,1.1210663,-0.26070672,-1.9469339,0.8982314,0.54905164,0.46056613,0.057464026,1.5365031,-0.20064133,-1.1515418,0.40904805,0.21081842,-0.29355285,1.2137629,0.25499701,0.56751865
substance,0.0762246,-1.4897726,-1.0909749,1.3220613,-1.2707936,0.24819224,0.36460003,1.0299277,-0.49876624,1.7774025,0.330127,1.5680913,0.7521413,0.45605096,-0.9391395,0.7683866,1.6260346,0.111252114,-1.5756886,-0.6471644,1.0480946,0.3299153,0.5969867,0.8629894,-0.35962385,-0.00458118,0.71387565,-0.26597273,-0.6736523,0.4075121,0.37346295,-0.5269116
temporal_concept,0.31977922,-0.1274096,-0.16917154,1.3950796,-1.8168027,-0.32215935,-0.72593516,0.961497,0.53210217,0.6742861,-0.72016054,1.3202325,-0.5040526,0.28995663,0.8786735,0.69484675,1.7253006,-0.27874961,-0.2942625,0.32873252,1.1629771,0.03238923,-1.3602549,0.62976253,-1.0629141,-1.7524785,-0.7392349,0.14895079,0.34667403,1.4162024,-0.28951582,-1.3195331
therapeutic_or_preventive_procedure,0.23941784,0.25908113,0.78443545,0.78398967,-0.55472565,-0.09488579,0.07723706,-0.5307856,0.20744884,1.6335917,-2.0148993,2.5320027,0.2893447,0.82123786,-0.45939535,0.02338817,1.6492743,-1.249832,-0.30598146,-0.0029563955,1.4028842,-0.36782467,0.18063135,0.038824778,0.8666179,-1.6820302,0.8218045,-0.7511245,0.3828788,1.3824184,0.45904538,-0.90786374
tissue,-0.2355178,-0.7235388,-0.7898533,0.40236792,-1.5042969,-1.0455713,0.27339378,0.5597049,-0.662152,-0.26712957,0.102661684,1.1011213,0.014336685,-0.31494936,0.051240936,0.78219634,1.4435034,0.11727238,0.8541709,-0.82278675,0.18576334,0.7070412,0.9892734,1.0356746,-0.33363056,-0.14564982,0.7186308,-0.54238474,-0.85480094,1.0125715,0.42746055,0.4736118
vertebrate,0.08004191,-0.3143914,1.4138252,0.8407053,-1.8535994,0.13886541,-1.3826617,1.228355,-0.03070643,1.4893478,0.15380053,0.89427954,0.33885884,-0.010797074,-0.3730878,-0.17854106,1.7848749,-0.26650923,1.3373702,-1.8922753,0.29043737,-0.99240744,0.34170824,0.47440317,0.09437944,-0.54635996,0.4902703,0.6411852,-0.0013690614,1.0276278,1.1665901,0.043840457
virus,0.1837407,1.1920503,0.6202852,1.1453748,-1.8692791,-0.0709568,-1.0209877,-0.8213125,0.105550066,1.3996537,-0.5873418,0.8332033,0.5031988,1.2556278,-0.83980554,-0.039764784,1.4462084,1.5600793,0.77176577,-0.6382048,0.70838493,-2.0925975,0.111775324,0.41548148,0.50715333,0.28192037,-0.3167508,0.008332929,0.38352668,0.76594037,1.5447141,0.6365058
vitamin,0.006531565,0.68623364,-0.42571828,1.5266447,-2.082994,1.2553127,-0.04111256,-0.46303192,0.009794512,1.5727173,0.19979364,0.49849164,-0.22656947,-0.26076764,0.002439145,1.8889143,1.3218353,1.0539751,-0.98299104,0.12919824,0.36351648,0.4436604,-0.3361869,1.3922848,1.0078536,-1.4974732,-0.39089465,0.658568,-0.25442073,1.7041967,0.912805,1.0748912
